country,date,local_price,dollar_ex,dollar_price,dollar_ppp,dollar_valuation
Argentina,2000-04-01,2.5,1.0,2.5,0.9960159362549802,-0.3984063745019806
Argentina,2001-04-01,2.5,1.0,2.5,0.984251968503937,-1.5748031496062964
Argentina,2002-04-01,2.5,3.13,0.78,1.004016064257028,-67.92280944865725
Argentina,2003-04-01,4.1,2.88,1.4,1.5129151291512914,-47.46822468224682
Argentina,2004-05-01,4.36,2.95,1.48,1.503448275862069,-49.03565166569258
Argentina,2005-06-01,4.75,2.897,1.6396272005522956,1.5522875816993464,-46.417411746657
Argentina,2006-01-01,4.75,3.0638,1.550362295188981,1.507936507936508,-50.782149359079966
Argentina,2006-05-01,7.0,3.0565,2.290201210534925,2.258064516129032,-26.122541595647576
Argentina,2007-01-01,8.25,3.08875,2.670983407527317,2.562111801242236,-17.0502047351765
Argentina,2007-06-01,8.25,3.0915,2.668607472100922,2.4193548387096775,-21.741716360676776
Argentina,2008-06-01,11.0,3.0195,3.642987249544627,3.081232492997199,2.0444607715581764
Argentina,2009-07-01,11.5,3.81125,3.0173827484421123,3.2212885154061626,-15.479474833554274
Argentina,2010-01-01,7.0,3.7985,1.842832697117283,1.9553072625698324,-48.52422633750606
Argentina,2010-07-01,14.0,3.93375,3.558945027009851,3.75,-4.671115347950428
Argentina,2011-07-01,20.0,4.1325,4.839685420447671,4.920049200492004,19.057451917531854
Argentina,2012-01-01,20.0,4.3135,4.636606004404776,4.765058777000014,10.468500683899705
Argentina,2012-07-01,19.0,4.56625,4.160963591568573,4.3905257076834205,-3.8483283288602177
Argentina,2013-01-01,19.0,4.9765,3.8179443383904355,4.3504185846829015,-12.580757868323078
Argentina,2013-07-01,21.0,5.4125,3.8799076212471135,4.6086320409656185,-14.852063908256463
Argentina,2014-01-01,21.0,6.92125,3.0341340075853354,4.541358803387998,-34.385280066635396
Argentina,2014-07-01,21.0,8.16875,2.5707727620504977,4.37956204379562,-46.38638661000005
Argentina,2015-01-01,28.0,8.61,3.2520325203252036,5.845511482254698,-32.107880577761925
Argentina,2015-07-01,28.0,9.135,3.0651340996168583,5.845511482254698,-36.009726521568716
Argentina,2016-01-01,33.0,13.80925,2.3897025544472004,6.69371196754564,-51.52733155279512
Australia,2000-04-01,2.59,1.68,1.54,1.0318725099601593,-38.579017264276224
Australia,2001-04-01,3.0,1.98,1.52,1.1811023622047243,-40.34836554521595
Australia,2002-04-01,3.0,1.86,1.62,1.2048192771084336,-35.22477004793368
Australia,2003-04-01,3.0,1.61,1.8,1.1070110701107012,-31.241548440329126
Australia,2004-05-01,3.25,1.43,2.27,1.120689655172414,-21.630094043887137
Australia,2005-06-01,3.25,1.3015,2.4971187091817133,1.0620915032679739,-18.394813425434208
Australia,2006-01-01,3.25,1.3308,2.442140066125639,1.0317460317460319,-22.471743932519395
Australia,2006-05-01,3.25,1.33253,2.4389694791111647,1.0483870967741935,-21.323565189962434
Australia,2007-01-01,3.45,1.266865,2.723257805685689,1.0714285714285714,-15.42677622094134
Australia,2007-06-01,3.45,1.17,2.948717948717949,1.0117302052785924,-13.527332882171583
Australia,2008-06-01,3.45,1.026,3.3625730994152048,0.9663865546218489,-5.8102773273051795
Australia,2009-07-01,4.34,1.2869,3.3724454114538815,1.215686274509804,-5.533741976081741
Australia,2010-01-01,4.35,1.09355,3.9778702391294405,1.2150837988826815,11.113693830431304
Australia,2010-07-01,4.35,1.1337225780851425,3.8369174999999998,1.1651785714285714,2.774575892857145
Australia,2011-07-01,4.56,0.9223815892634784,4.943724,1.121771217712177,21.61682656826567
Australia,2012-01-01,4.8,0.972337012008362,4.93656,1.1436141064800034,17.614992780935967
Australia,2012-07-01,4.56,0.9743264968090807,4.680156,1.0537261698440208,8.149185441941075
Australia,2013-01-01,4.7,0.9590946146837385,4.900455000000001,1.0761561762110337,12.205423712643437
Australia,2013-07-01,5.035,1.0898588632772057,4.61986425,1.1049743964886614,1.386925749817114
Australia,2014-01-01,5.05,1.1288592876897894,4.4735425,1.0920886646242567,-3.2573256442602117
Australia,2014-07-01,5.1,1.0593781450288682,4.814144999999999,1.0636079249217936,0.3992700729926968
Australia,2015-01-01,5.3,1.227219733693318,4.318705,1.1064718162839249,-9.839144050104387
Australia,2015-07-01,5.3,1.3512600499966219,3.922265,1.1064718162839249,-18.115553235908145
Australia,2016-01-01,5.3,1.415728746372195,3.743655,1.0750507099391482,-24.063793103448262
Austria,2011-07-01,3.09,0.6975203152791825,4.4299785,0.7601476014760147,8.978560885608843
Austria,2012-01-01,3.09,0.7882394671501202,3.9201285,0.7362015810465022,-6.601786420535493
Austria,2012-07-01,3.19,0.8248443106363673,3.8673965000000003,0.7371461582900058,-10.632085499711131
Austria,2013-01-01,3.39,0.736946829286267,4.6000605000000006,0.7762062632671072,5.327308894030103
Austria,2013-07-01,3.39,0.7777561734396267,4.3586925,0.7439648866130213,-4.34471470373079
Austria,2014-01-01,3.39,0.7372184746949759,4.5983655,0.7331050639754911,-0.5579635970445196
Austria,2014-07-01,3.39,0.7427489137297137,4.5641264999999995,0.7069864442127216,-4.8148800834202365
Austria,2015-01-01,3.39,0.8630734043930437,3.9278234999999997,0.7077244258872651,-17.999509394572033
Austria,2015-07-01,3.39,0.9127002236115548,3.7142535000000003,0.7077244258872651,-22.458173277661796
Austria,2016-01-01,3.5,0.9302325581395349,3.7625,0.7099391480730224,-23.68154158215009
Belgium,2011-07-01,3.75,0.6975203152791825,5.3761875,0.9225092250922509,32.25553505535055
Belgium,2012-01-01,3.7,0.7882394671501202,4.694005000000001,0.8815358737450028,11.836048622659789
Belgium,2012-07-01,3.8,0.8248443106363673,4.60693,0.8781051415366841,6.457076834199893
Belgium,2013-01-01,3.8,0.736946829286267,5.15641,0.8700837169365803,18.066009969709263
Belgium,2013-07-01,3.7,0.7777561734396267,4.757275,0.8119970738844184,4.402523774689104
Belgium,2014-01-01,3.95,0.7372184746949759,5.3579775,0.8542079653991711,15.869039466570545
Belgium,2014-07-01,3.7,0.7427489137297137,4.981495,0.7716371220020856,3.889363920750788
Belgium,2015-01-01,3.7,0.8630734043930437,4.287005,0.7724425887265136,-10.500939457202508
Belgium,2015-07-01,3.7,0.9127002236115548,4.053905,0.7724425887265136,-15.367327766179539
Belgium,2016-01-01,3.95,0.9302325581395349,4.24625,0.8012170385395538,-13.869168356997964
Brazil,2000-04-01,2.95,1.79,1.65,1.1752988047808766,-34.340848894923106
Brazil,2001-04-01,3.6,2.19,1.64,1.4173228346456692,-35.28206234494661
Brazil,2002-04-01,3.6,2.34,1.55,1.4457831325301205,-38.214396045721344
Brazil,2003-04-01,4.55,3.07,1.44,1.6789667896678966,-45.31052802384702
Brazil,2004-05-01,5.4,3.18,1.7,1.8620689655172415,-41.444372153545864
Brazil,2005-06-01,5.9,2.4648,2.393703343070432,1.9281045751633987,-21.77440055325386
Brazil,2006-01-01,6.2,2.2615,2.74154322352421,1.9682539682539684,-12.966881792882223
Brazil,2006-05-01,6.4,2.3045,2.777175092210892,2.064516129032258,-10.413706702874459
Brazil,2007-01-01,6.4,2.1335,2.999765643309116,1.9875776397515528,-6.83957629474794
Brazil,2007-06-01,6.9,1.913,3.6069001568217463,2.0234604105571847,5.774198147265275
Brazil,2008-06-01,7.5,1.5846,4.73305566073457,2.100840336134454,32.57858993654259
Brazil,2009-07-01,8.03,1.9971,4.020830203795503,2.249299719887955,12.628297025084123
Brazil,2010-01-01,8.2,1.7233,4.758312539894388,2.2905027932960893,32.913758097608614
Brazil,2010-07-01,8.71,1.77495,4.907180483957295,2.3330357142857143,31.442334391713246
Brazil,2011-07-01,9.5,1.5416,6.162428645563051,2.337023370233702,51.597260653457575
Brazil,2012-01-01,10.25,1.805,5.678670360110804,2.4420926232125075,35.29599020567908
Brazil,2012-07-01,10.08,2.04215,4.9359743407683085,2.329289428076257,14.060643345310432
Brazil,2013-01-01,11.25,1.99335,5.643765520355181,2.5759057409306654,29.22496003866182
Brazil,2013-07-01,12.0,2.27065,5.284830334926123,2.633504023408925,15.980182917178997
Brazil,2014-01-01,12.4,2.36305,5.247455618797741,2.681564245810056,13.47894652292827
Brazil,2014-07-01,13.0,2.22025,5.855196486882107,2.7111574556830034,22.11045853768734
Brazil,2015-01-01,13.5,2.59275,5.206826728377205,2.8183716075156577,8.702019381570047
Brazil,2015-07-01,13.5,3.15235,4.282519390296128,2.8183716075156577,-10.59458475373427
Brazil,2016-01-01,13.5,4.0248,3.3542039355992843,2.7383367139959436,-31.963409014213283
Britain,2000-04-01,1.9,0.6329113924050632,3.0,0.7569721115537849,19.601593625498026
Britain,2001-04-01,1.99,0.6993006993006994,2.85,0.7834645669291338,12.03543307086612
Britain,2002-04-01,1.99,0.6896551724137931,2.88,0.7991967871485943,15.883534136546174
Britain,2003-04-01,1.99,0.6329113924050632,3.08,0.7343173431734318,16.022140221402225
Britain,2004-05-01,1.88,0.5586592178770949,3.37,0.6482758620689655,16.041379310344837
Britain,2005-06-01,1.88,0.5464480874316939,3.4404000000000003,0.6143790849673202,12.431372549019603
Britain,2006-01-01,1.88,0.5669255626736209,3.316132,0.5968253968253968,-5.00981263713266
Britain,2006-05-01,1.94,0.5318017443097213,3.6479760000000003,0.6258064516129032,17.676645161290327
Britain,2007-01-01,1.94,0.5060344609467905,3.8337309999999998,0.6024844720496894,19.05996894409936
Britain,2007-06-01,1.99,0.49661063243364034,4.007163500000001,0.5835777126099706,17.512126099706737
Britain,2008-06-01,2.29,0.5010396572888745,4.5704965,0.6414565826330533,28.025112044817924
Britain,2009-07-01,2.29,0.6208866261020738,3.688274,0.6414565826330533,-3.2067574155282386
Britain,2010-01-01,2.29,0.6237524950099801,3.671328,0.6396648044692738,2.5510614525139585
Britain,2010-07-01,2.29,0.6573757559821193,3.4835480000000008,0.6133928571428572,-6.690678571428554
Britain,2011-07-01,2.39,0.6141374439599582,3.8916370000000007,0.5879458794587945,-4.264772447724486
Britain,2012-01-01,2.49,0.6512536633018561,3.823395,0.5932498177365019,-8.906490486560138
Britain,2012-07-01,2.69,0.6462661970465635,4.1623715,0.6216060080878105,-3.815794338532641
Britain,2013-01-01,2.69,0.6332119677061896,4.2481825,0.6159276838314213,-2.729620530922783
Britain,2013-07-01,2.69,0.6691424938940748,4.0200705,0.590343818580834,-11.77606803218727
Britain,2014-01-01,2.79,0.603009014984774,4.6267965,0.6033519553072626,0.05687150837989652
Britain,2014-07-01,2.89,0.5867855885459453,4.9251380000000005,0.602711157455683,2.7140354535974964
Britain,2015-01-01,2.89,0.6615944426066821,4.368235,0.6033402922755742,-8.805114822546967
Britain,2015-07-01,2.89,0.6404508774177021,4.512446,0.6033402922755742,-5.7944467640918536
Britain,2016-01-01,2.89,0.6845329773761851,4.2218565,0.5862068965517242,-14.363965517241372
Canada,2000-04-01,2.85,1.47,1.94,1.1354581673306774,-22.75794780063419
Canada,2001-04-01,3.33,1.56,2.14,1.3110236220472442,-15.960024227740755
Canada,2002-04-01,3.33,1.57,2.12,1.3373493975903614,-14.818509707620297
Canada,2003-04-01,3.2,1.45,2.17,1.1808118081180812,-18.564702888408192
Canada,2004-05-01,3.19,1.37,2.33,1.1,-19.70802919708029
Canada,2005-06-01,3.28,1.2494,2.6252601248599325,1.0718954248366013,-14.207185462093708
Canada,2006-01-01,3.52,1.1704,3.007518796992481,1.1174603174603175,-4.523212793889497
Canada,2006-05-01,3.52,1.12045,3.141594894908296,1.135483870967742,1.341770803493425
Canada,2007-01-01,3.63,1.17485,3.089756139081585,1.1273291925465838,-4.044840401193017
Canada,2007-06-01,3.88,1.05345,3.68313636147895,1.1378299120234603,8.009863972989727
Canada,2008-06-01,4.09,1.00355,4.07553186189029,1.145658263305322,14.160556355470288
Canada,2009-07-01,3.89,1.16085,3.3509928069948747,1.0896358543417368,-6.13465526625
Canada,2010-01-01,4.12,1.0368,3.973765432098766,1.1508379888268156,10.99903441616663
Canada,2010-07-01,4.17,1.04235,4.00057562239171,1.1169642857142856,7.158275599777952
Canada,2011-07-01,4.73,0.94585,5.000792937569383,1.1635916359163592,23.020736471571524
Canada,2012-01-01,4.73,1.02095,4.63293990890837,1.1269364007605036,10.38115488128739
Canada,2012-07-01,5.12,1.01945,5.022315954681446,1.1831311380704796,16.055827953355205
Canada,2013-01-01,5.41,1.0029,5.3943563665370435,1.2387244496386578,23.514253628343607
Canada,2013-07-01,5.53,1.05125,5.260404280618312,1.2136064374542794,15.444131981382103
Canada,2014-01-01,5.54,1.1051,5.013120984526287,1.1980537033699765,8.411338645369337
Canada,2014-07-01,5.64,1.07405,5.251152180997161,1.176225234619395,9.513079895665477
Canada,2015-01-01,5.7,1.22855,4.6396158072524525,1.1899791231732777,-3.1395447337692617
Canada,2015-07-01,5.85,1.2897,4.535938590369853,1.221294363256785,-5.303996025681556
Canada,2016-01-01,5.84,1.4092,4.144195288106727,1.184584178498986,-15.939243648950763
Chile,2000-04-01,1260.0,514.0,2.45,501.99203187251,-2.3361805695505833
Chile,2001-04-01,1260.0,601.0,2.1,496.06299212598424,-17.460400644594966
Chile,2002-04-01,1400.0,655.0,2.16,562.2489959839357,-14.160458628406758
Chile,2003-04-01,1400.0,716.0,1.95,516.6051660516605,-27.848440495578142
Chile,2004-05-01,1400.0,641.0,2.18,482.7586206896552,-24.686642638119316
Chile,2005-06-01,1500.0,592.45,2.531859228626888,490.19607843137254,-17.259502332454634
Chile,2006-01-01,1560.0,522.75,2.9842180774748925,495.23809523809524,-5.2629181754002445
Chile,2006-05-01,1560.0,529.95,2.9436739315029716,503.22580645161287,-5.042776403129956
Chile,2007-01-01,1670.0,540.15,3.091733777654355,518.6335403726707,-3.983423054212576
Chile,2007-06-01,1565.0,526.75,2.971048884670147,458.9442815249267,-12.872466725215626
Chile,2008-06-01,1550.0,494.65,3.13352875770747,434.17366946778714,-12.226085218278149
Chile,2009-07-01,1750.0,548.55,3.19022878497858,490.1960784313726,-10.637849160263857
Chile,2010-01-01,1600.0,503.1,3.1802822500496917,446.92737430167597,-11.16530027794157
Chile,2010-07-01,1750.0,523.65,3.3419268595435883,468.75,-10.48410197651103
Chile,2011-07-01,1850.0,462.75,3.997839005942734,455.1045510455104,-1.6521769755785232
Chile,2012-01-01,2050.0,506.05,4.0509831044363205,488.4185246425015,-3.484137013634725
Chile,2012-07-01,2050.0,493.05,4.157793327248758,473.7146158290006,-3.921586891998663
Chile,2013-01-01,2050.0,471.75,4.345521992580816,469.3872683473657,-0.5008440175165441
Chile,2013-07-01,2000.0,508.155,3.9358069880253073,438.91733723482076,-13.625303847286595
Chile,2014-01-01,2000.0,541.95,3.6903773410831255,432.5103622274284,-20.193677972612168
Chile,2014-07-01,2100.0,564.14,3.7224802354025597,437.95620437956205,-22.367461201197912
Chile,2015-01-01,2100.0,627.485,3.346693546459278,438.4133611691023,-30.131658737802137
Chile,2015-07-01,2100.0,642.45,3.268736866682232,438.4133611691023,-31.759146833356333
Chile,2016-01-01,2100.0,715.215,2.9361800297812546,425.9634888438134,-40.442595744802134
China,2000-04-01,9.9,8.28,1.2,3.9442231075697216,-52.3644552225879
China,2001-04-01,9.9,8.28,1.2,3.8976377952755907,-52.92707976720301
China,2002-04-01,10.5,8.28,1.27,4.216867469879518,-49.07164891449857
China,2003-04-01,9.9,8.28,1.2,3.653136531365314,-55.879993582544515
China,2004-05-01,10.4,8.28,1.26,3.586206896551724,-56.68832250541396
China,2005-06-01,10.5,8.2764,1.2686675366101203,3.4313725490196076,-58.54027658136862
China,2006-01-01,10.5,8.0641,1.302067186666832,3.3333333333333335,-58.664533756608506
China,2006-05-01,10.5,8.026,1.3082481933715424,3.3870967741935485,-57.79844537511153
China,2007-01-01,11.0,7.7743,1.414918384934978,3.4161490683229814,-56.05843525046652
China,2007-06-01,11.0,7.6047,1.4464738911462647,3.225806451612903,-57.581410816825084
China,2008-06-01,12.5,6.834,1.8290898448931812,3.5014005602240896,-48.76499033912658
China,2009-07-01,12.5,6.8327,1.8294378503373483,3.5014005602240896,-48.75524228746924
China,2010-01-01,12.5,6.8272,1.8309116475275369,3.4916201117318435,-48.85721654951014
China,2010-07-01,13.2,6.7769,1.9477932387964996,3.5357142857142856,-47.8269668179509
China,2011-07-01,14.65,6.445,2.2730799069045773,3.603936039360393,-44.08167510689848
China,2012-01-01,15.4,6.3155,2.4384450954002057,3.669095258290011,-41.903328979653054
China,2012-07-01,15.65,6.3885,2.449714330437505,3.616406701328712,-43.39192766175609
China,2013-01-01,16.0,6.2204,2.5721818532570255,3.6635103871013905,-41.104906644244885
China,2013-07-01,16.0,6.1341,2.6083696059731665,3.5113386978785663,-42.75706790110095
China,2014-01-01,16.6,6.0513,2.743212202336688,3.5898360064876558,-40.67661483503288
China,2014-07-01,16.9,6.1983,2.7265540551441525,3.5245046923879038,-43.13755880825543
China,2015-01-01,17.2,6.2115,2.7690573935442324,3.590814196242171,-42.190868610767595
China,2015-07-01,17.0,6.2092,2.7378728338594343,3.549060542797495,-42.84190325971953
China,2016-01-01,17.6,6.5582,2.6836632002683665,3.569979716024341,-45.564640968187284
Colombia,2004-05-01,6500.0,2769.83,2.3467144192964913,2241.3793103448274,-19.078813127707207
Colombia,2005-06-01,6500.0,2327.7,2.7924560725179366,2124.1830065359477,-8.743265603989004
Colombia,2006-05-01,6500.0,2503.6,2.596261383607605,2096.774193548387,-16.249632786851453
Colombia,2007-01-01,6900.0,2239.325,3.0812856552755856,2142.8571428571427,-4.30789890448493
Colombia,2007-06-01,6900.0,1956.0,3.5276073619631902,2023.4604105571846,3.44889624525484
Colombia,2008-06-01,7000.0,1798.65,3.8918077446974118,1960.7843137254904,9.01422254054376
Colombia,2009-07-01,7000.0,2095.6,3.340332124451231,1960.7843137254904,-6.433273824895469
Colombia,2010-01-01,8200.0,2095.6,3.912960488642871,2296.918767507003,9.606736376551005
Colombia,2010-07-01,8200.0,1868.45,4.388664400974069,2196.4285714285716,17.553510740376854
Colombia,2011-07-01,8400.0,1770.5,4.744422479525558,2066.420664206642,16.713960135930073
Colombia,2012-01-01,8400.0,1852.15,4.535269821558729,2001.324686340006,8.054136346408548
Colombia,2012-07-01,8600.0,1804.475,4.7659291483672535,1987.2905834777587,10.131233931074624
Colombia,2013-01-01,8600.0,1773.175,4.850057100962962,1969.1368330669975,11.051466046329184
Colombia,2013-07-01,8600.0,1921.0,4.476834981780323,1887.3445501097294,-1.751975527864158
Colombia,2014-01-01,8600.0,1982.795,4.337311724106627,1859.794557577942,-6.2033867556685385
Colombia,2014-07-01,8600.0,1847.65,4.654561199361351,1793.5349322210636,-2.928859241681947
Colombia,2015-01-01,7900.0,2364.98,3.340408798383073,1649.269311064718,-30.262864334382613
Colombia,2015-07-01,7900.0,2708.9,2.9163128945328363,1649.269311064718,-39.11664103271741
Colombia,2016-01-01,7900.0,3253.9,2.427855803804665,1602.4340770791075,-50.75343197150781
Costa Rica,2004-05-01,1130.0,433.55,2.60638911313574,389.65517241379314,-10.124513340146901
Costa Rica,2005-06-01,1130.0,475.3,2.3774458236903007,369.281045751634,-22.30569203626468
Costa Rica,2006-05-01,1130.0,509.535,2.217708302668119,364.51612903225805,-28.461022494576817
Costa Rica,2007-01-01,1130.0,509.535,2.217708302668119,350.93167701863354,-31.1270713457106
Costa Rica,2007-06-01,1130.0,518.625,2.1788382742829597,331.3782991202346,-36.104449434517306
Costa Rica,2008-06-01,1800.0,551.02,3.2666690864215457,504.20168067226894,-8.49666424589508
Costa Rica,2009-07-01,2000.0,582.57,3.433063837822064,560.2240896358544,-3.8357468397180905
Costa Rica,2010-01-01,2050.0,582.57,3.5188904337676155,574.2296918767507,-1.4316405107110408
Costa Rica,2010-07-01,2000.0,522.115,3.830573724179539,535.7142857142857,2.6046533262376492
Costa Rica,2011-07-01,2050.0,504.305,4.065000347012225,504.30504305043047,8.53658608246377e-06
Costa Rica,2012-01-01,2050.0,509.54,4.023236644816894,488.4185246425015,-4.145204568335858
Costa Rica,2012-07-01,1200.0,501.015,2.395137870123649,277.2963604852687,-44.65308214618949
Costa Rica,2013-01-01,2200.0,500.83,4.392708104546453,503.73267822644124,0.5795735531899604
Costa Rica,2013-07-01,2150.0,498.675,4.311425276984007,471.83613752743236,-5.382034886963982
Costa Rica,2014-01-01,2150.0,501.92,4.283551163532037,464.9486393944855,-7.365986732051821
Costa Rica,2014-07-01,2150.0,537.3,4.001488926112042,448.3837330552659,-16.54871895491049
Costa Rica,2015-01-01,2150.0,536.09,4.010520621537428,448.85177453027137,-16.273055917798995
Costa Rica,2015-07-01,2150.0,533.3,4.031501968873055,448.85177453027137,-15.835031965071932
Costa Rica,2016-01-01,2150.0,535.25,4.016814572629612,436.10547667342803,-18.523030981143762
Czech Republic,2000-04-01,54.37,39.1,1.39,21.661354581673308,-44.6001161594033
Czech Republic,2001-04-01,56.0,39.0,1.43,22.04724409448819,-43.46860488592772
Czech Republic,2002-04-01,56.28,34.0,1.66,22.602409638554214,-33.52232459248761
Czech Republic,2003-04-01,56.57,28.9,1.91,20.874538745387454,-27.769762126687002
Czech Republic,2004-05-01,56.42,26.5,2.13,19.455172413793104,-26.584255042290174
Czech Republic,2005-06-01,56.42,24.5409,2.2990191883753246,18.437908496732028,-24.868653974662593
Czech Republic,2006-01-01,62.0,23.8375,2.6009438909281597,19.682539682539684,-17.430352668947314
Czech Republic,2006-05-01,59.05,22.1078,2.6710029944182594,19.048387096774192,-13.83861308328196
Czech Republic,2007-01-01,52.1,21.50115,2.4231262048774136,16.180124223602483,-24.747633388900205
Czech Republic,2007-06-01,52.9,21.11675,2.5051203428557898,15.513196480938415,-26.536060326809686
Czech Republic,2008-06-01,66.08,14.49795,4.557885770057146,18.50980392156863,27.671870309724
Czech Republic,2009-07-01,67.92,18.66155,3.6395690604478195,19.025210084033613,1.9487131778100686
Czech Republic,2010-01-01,67.64,18.21005,3.7144324150675043,18.893854748603353,3.75509539294705
Czech Republic,2010-07-01,67.64,19.7476,3.4252263566205516,18.117857142857144,-8.252865447663794
Czech Republic,2011-07-01,69.32,17.0219,4.07240084831893,17.052890528905287,0.1820626892725663
Czech Republic,2012-01-01,70.22,20.36535,3.448013414942537,16.73012136604705,-17.850067069571352
Czech Republic,2012-07-01,70.33,21.048,3.3414101102242495,16.251877527440787,-22.786594795511274
Czech Republic,2013-01-01,70.33,18.89495,3.7221585661777348,16.10341784530255,-14.773958939809063
Czech Republic,2013-07-01,70.45,20.1828,3.4905959529896746,15.460863204096562,-23.395845947556527
Czech Republic,2014-01-01,70.45,20.2838,3.473215078042576,15.235177509461165,-24.889924425101974
Czech Republic,2014-07-01,70.45,20.3877,3.455514844734816,14.692387904066736,-27.93503973441469
Czech Republic,2015-01-01,70.45,24.13325,2.9192089751691133,14.707724425887266,-39.05618005909993
Czech Republic,2015-07-01,70.0,24.70225,2.8337499620479916,14.613778705636744,-40.84029306789161
Czech Republic,2016-01-01,75.0,25.1442,2.9827952370725654,15.212981744421908,-39.497054014755264
Denmark,2000-04-01,24.75,8.04,3.08,9.860557768924304,22.643753344829666
Denmark,2001-04-01,24.75,8.46,2.93,9.744094488188976,15.17842184620537
Denmark,2002-04-01,24.75,8.38,2.96,9.939759036144578,18.612876326307592
Denmark,2003-04-01,27.75,6.78,3.99,10.239852398523986,51.030271364660564
Denmark,2004-05-01,27.75,6.22,4.46,9.568965517241379,53.84188934471672
Denmark,2005-06-01,27.75,6.0647,4.57565914224941,9.068627450980392,49.53134451795458
Denmark,2006-01-01,27.75,6.1769,4.492544804027911,8.80952380952381,42.62046996914002
Denmark,2006-05-01,27.75,5.81825,4.769475357710652,8.951612903225806,53.854043797117804
Denmark,2007-01-01,27.75,5.75305,4.82352838928916,8.618012422360248,49.79901830090559
Denmark,2007-06-01,27.75,5.4603,5.0821383440470305,8.13782991202346,49.03631507469295
Denmark,2008-06-01,28.0,4.7044,5.9518748405747814,7.843137254901961,66.71918320937765
Denmark,2009-07-01,29.5,5.3375,5.526932084309133,8.263305322128852,54.81602477056398
Denmark,2010-01-01,30.94,5.16195,5.993858909908077,8.64245810055866,67.4262265337452
Denmark,2010-07-01,28.5,5.81365,4.902255897757863,7.633928571428571,31.310425832799904
Denmark,2011-07-01,28.5,5.19845,5.482403408708365,7.011070110701106,34.86847253895115
Denmark,2012-01-01,31.5,5.86135,5.374188540182723,7.504967573775023,28.04162136325288
Denmark,2012-07-01,28.5,6.1356,4.645022491687854,6.58578856152513,7.337319276438015
Denmark,2013-01-01,28.5,5.49795,5.183750306932583,6.525627877024352,18.69201933492213
Denmark,2013-07-01,28.5,5.8006,4.913284832603524,6.254572055596196,7.82629479012853
Denmark,2014-01-01,28.5,5.5014,5.180499509215836,6.163272661740854,12.030985962497809
Denmark,2014-07-01,28.5,5.5388,5.14551888495703,5.9436913451511995,7.310091448530365
Denmark,2015-01-01,34.5,6.4174,5.376008975597594,7.202505219206681,12.234007841285898
Denmark,2015-07-01,34.59,6.81105,5.078512123681372,7.221294363256786,6.023217613389797
Denmark,2016-01-01,30.0,6.9405,4.322455154527772,6.085192697768763,-12.32342485744885
Egypt,2003-04-01,8.0,5.92,1.38,2.952029520295203,-50.13463648149995
Egypt,2004-05-01,10.0,6.19,1.62,3.4482758620689657,-44.29279705865968
Egypt,2005-06-01,9.0,5.8,1.5517241379310345,2.941176470588235,-49.290060851926974
Egypt,2006-01-01,9.25,5.74,1.6114982578397212,2.9365079365079367,-48.841325147945355
Egypt,2006-05-01,9.5,5.77075,1.6462331586015684,3.064516129032258,-46.895704561239725
Egypt,2007-01-01,9.09,5.7,1.594736842105263,2.822981366459627,-50.47401111474339
Egypt,2007-06-01,9.54,5.69025,1.6765519968366942,2.7976539589442813,-50.83425229217906
Egypt,2008-06-01,13.0,5.3125,2.447058823529412,3.641456582633053,-31.45493491514253
Egypt,2009-07-01,13.0,5.58475,2.3277675813599537,3.641456582633053,-34.79642629243828
Egypt,2010-01-01,13.0,5.465,2.3787740164684354,3.631284916201117,-33.5537984226694
Egypt,2010-07-01,13.0,5.699,2.2811019477101246,3.482142857142857,-38.89905497205023
Egypt,2011-07-01,14.09,5.962,2.36330090573633,3.466174661746617,-41.862216341049695
Egypt,2012-01-01,15.5,6.037,2.56750041411297,3.6929205521750115,-38.82854808389909
Egypt,2012-07-01,16.0,6.0665,2.6374350943707245,3.6972848064702486,-39.05407060957309
Egypt,2013-01-01,16.0,6.68575,2.3931496092435407,3.6635103871013905,-45.2041971790541
Egypt,2013-07-01,16.75,7.00915,2.3897334198868623,3.675932699341624,-47.55522853210983
Egypt,2014-01-01,16.93,6.961,2.4321218215773595,3.6612002162551813,-47.40410549841716
Egypt,2014-07-01,16.93,7.15005,2.367815609681051,3.5307612095933263,-50.61906966254326
Egypt,2015-01-01,16.93,7.35005,2.303385691253801,3.5344467640918578,-51.9126160489812
Egypt,2015-07-01,16.93,7.83005,2.162182872395451,3.5344467640918578,-54.86048283099267
Egypt,2016-01-01,16.93,7.83005,2.162182872395451,3.4340770791075053,-56.142335245528386
Estonia,2011-07-01,2.2,0.6975203152791825,3.1540300000000006,0.5412054120541205,-22.410086100861005
Estonia,2012-01-01,2.04,0.7882394671501202,2.5880460000000003,0.4860359952540015,-38.339043462101095
Estonia,2012-07-01,2.04,0.8248443106363673,2.4731940000000003,0.4714038128249567,-42.84935875216637
Estonia,2013-01-01,2.7,0.736946829286267,3.663765,0.6182173778233597,-16.110992916259203
Estonia,2013-07-01,2.75,0.7777561734396267,3.5358125,0.6035113386978785,-22.40352962692026
Estonia,2014-01-01,2.8,0.7372184746949759,3.7980599999999995,0.6055145071183997,-17.86498468192468
Estonia,2014-07-01,2.9,0.7427489137297137,3.9044149999999993,0.6047966631908238,-18.573201251303438
Estonia,2015-01-01,2.9,0.8630734043930437,3.3600849999999998,0.6054279749478079,-29.852087682672245
Estonia,2015-07-01,2.95,0.9127002236115548,3.2321675,0.6158663883089771,-32.52259916492692
Estonia,2016-01-01,3.0,0.9302325581395349,3.225,0.6085192697768763,-34.58417849898579
Euro area,2000-04-01,2.56,1.0752688172043,2.38,1.0199203187250998,-5.147410358565708
Euro area,2001-04-01,2.57,1.1363636363636365,2.27,1.0118110236220472,-10.960629921259857
Euro area,2002-04-01,2.67,1.1235955056179776,2.37,1.0722891566265058,-4.566265060240992
Euro area,2003-04-01,2.71,0.9090909090909091,2.98,1.0,10.0
Euro area,2004-05-01,2.74,0.8333333333333334,3.28,0.9448275862068967,13.3793103448276
Euro area,2005-06-01,2.92,0.8149295085975062,3.5831320000000004,0.9542483660130718,17.09581699346405
Euro area,2006-01-01,2.91,0.8281573498964803,3.5138250000000006,0.9238095238095239,11.55
Euro area,2006-05-01,2.939573529262936,0.7803659916500839,3.766916499073989,0.948249525568689,21.51343545399964
Euro area,2007-01-01,2.94,0.7718133755257979,3.809211,0.9130434782608695,18.298478260869565
Euro area,2007-06-01,3.0574824433737,0.7337564662288587,4.166889947951846,0.8966224174116422,22.19618615694565
Euro area,2008-06-01,3.36856,0.6304971470004098,5.342704588,0.9435742296918768,49.655590700280115
Euro area,2009-07-01,3.31,0.7168972686214066,4.617119,0.927170868347339,29.331064425770315
Euro area,2010-01-01,3.36,0.6936496375680643,4.8439440000000005,0.9385474860335195,35.30569832402235
Euro area,2010-07-01,3.380031070768133,0.7801529099703541,4.332523826510593,0.9053654653843213,16.049745352962308
Euro area,2011-07-01,3.4376604013615535,0.6975203152791825,4.928401834411991,0.8456729154640967,21.23989752551023
Euro area,2012-01-01,3.492456370244605,0.7882394671501202,4.4307047741108185,0.8320879940161834,5.562843360863101
Euro area,2012-07-01,3.583482241281728,0.8248443106363673,4.344434695217903,0.8280721528091805,0.3913274458209992
Euro area,2013-01-01,3.5948495721818468,0.736946829286267,4.878031126972157,0.8231105467346991,11.691985639165004
Euro area,2013-07-01,3.6238704886156152,0.7777561734396267,4.659391480737527,0.7952897926735074,2.254385092996225
Euro area,2014-01-01,3.657962723582664,0.7372184746949759,4.961843536403704,0.7910533912955843,7.302437262289518
Euro area,2014-07-01,3.6792382895899483,0.7427489137297137,4.953542471189427,0.7673072553889361,3.3064123292893877
Euro area,2015-01-01,3.68,0.8630734043930437,4.263832,0.768267223382046,-10.984718162839247
Euro area,2015-07-01,3.7,0.9127002236115548,4.053905,0.7724425887265136,-15.367327766179539
Euro area,2016-01-01,3.72,0.9302325581395349,3.999,0.7545638945233266,-18.884381338742383
Finland,2011-07-01,3.75,0.6975203152791825,5.3761875,0.9225092250922509,32.25553505535055
Finland,2012-01-01,3.75,0.7882394671501202,4.7574375,0.8934485206875027,13.347346577020037
Finland,2012-07-01,3.75,0.8248443106363673,4.5463125,0.8665511265164645,5.056325823223573
Finland,2013-01-01,3.75,0.736946829286267,5.0885625,0.8586352469768884,16.512509838528878
Finland,2013-07-01,4.1,0.7777561734396267,5.2715749999999995,0.8997805413313825,15.689283101682516
Finland,2014-01-01,4.1,0.7372184746949759,5.561444999999999,0.8866462425662281,20.269129572896016
Finland,2014-07-01,4.1,0.7427489137297137,5.520034999999999,0.8550573514077163,15.120646506777868
Finland,2015-01-01,4.1,0.8630734043930437,4.750464999999999,0.8559498956158663,-0.8253653444676545
Finland,2015-07-01,4.1,0.9127002236115548,4.492165,0.8559498956158663,-6.217849686847609
Finland,2016-01-01,4.1,0.9302325581395349,4.4075,0.8316430020283976,-10.598377281947258
France,2011-07-01,3.5,0.6975203152791825,5.017775,0.8610086100861007,23.43849938499385
France,2012-01-01,3.6,0.7882394671501202,4.56714,0.8577105798600027,8.813452713939252
France,2012-07-01,3.6,0.8248443106363673,4.36446,0.831889081455806,0.8540727902946355
France,2013-01-01,3.6,0.736946829286267,4.88502,0.8242898370978129,11.852009444987722
France,2013-07-01,3.9,0.7777561734396267,5.014425,0.8558888076079005,10.04590343818581
France,2014-01-01,3.8,0.7372184746949759,5.154509999999999,0.8217696882321138,11.468949360245073
France,2014-07-01,3.9,0.7427489137297137,5.2507649999999995,0.8133472367049009,9.505005213764317
France,2015-01-01,3.9,0.8630734043930437,4.5187349999999995,0.8141962421711899,-5.6631524008350915
France,2015-07-01,4.1,0.9127002236115548,4.492165,0.8559498956158663,-6.217849686847609
France,2016-01-01,4.1,0.9302325581395349,4.4075,0.8316430020283976,-10.598377281947258
Germany,2011-07-01,3.4,0.6975203152791825,4.87441,0.8364083640836407,19.911685116851153
Germany,2012-01-01,3.53,0.7882394671501202,4.4783345,0.8410328741405025,6.697635577834871
Germany,2012-07-01,3.64,0.8248443106363673,4.412954000000001,0.8411322934719816,1.9746735990757047
Germany,2013-01-01,3.64,0.736946829286267,4.939298,0.8334486130655664,13.09480954993203
Germany,2013-07-01,3.64,0.7777561734396267,4.68013,0.7988295537673739,2.7095098756400926
Germany,2014-01-01,3.67,0.7372184746949759,4.978171499999999,0.793656514687331,7.655537934763013
Germany,2014-07-01,3.67,0.7427489137297137,4.9411045,0.7653806047966631,3.0470177267987397
Germany,2015-01-01,3.67,0.8630734043930437,4.2522455,0.7661795407098121,-11.226607515657626
Germany,2015-07-01,3.59,0.9127002236115548,3.9333834999999997,0.7494780793319415,-17.88343423799582
Germany,2016-01-01,3.59,0.9302325581395349,3.85925,0.7281947261663286,-21.71906693711967
Greece,2011-07-01,3.26,0.6975203152791825,4.673699,0.8019680196801967,14.974145141451412
Greece,2012-01-01,3.3,0.7882394671501202,4.186545,0.7862346982050024,-0.2543350122223731
Greece,2012-07-01,2.683,0.8248443106363673,3.25273505,0.6199884459849798,-24.835700751010968
Greece,2013-01-01,3.3,0.736946829286267,4.4779349999999996,0.7555990173396618,2.531008657905409
Greece,2013-07-01,2.6,0.7777561734396267,3.34295,0.570592538405267,-26.63606437454279
Greece,2014-01-01,3.05,0.7372184746949759,4.137172499999999,0.6595783023968282,-10.53150117138224
Greece,2014-07-01,3.05,0.7427489137297137,4.106367499999999,0.6360792492179353,-14.361470281543287
Greece,2015-01-01,3.05,0.8630734043930437,3.5338824999999994,0.6367432150313151,-26.223747390396678
Greece,2015-07-01,3.05,0.9127002236115548,3.3417325,0.6367432150313151,-30.235229645093952
Greece,2016-01-01,3.35,0.9302325581395349,3.6012500000000003,0.6795131845841785,-26.952332657200806
Hong Kong,2000-04-01,10.2,7.79,1.31,4.063745019920319,-47.833825161485
Hong Kong,2001-04-01,10.7,7.8,1.37,4.21259842519685,-45.992327882091665
Hong Kong,2002-04-01,11.2,8.0,1.4,4.497991967871485,-43.77510040160644
Hong Kong,2003-04-01,11.5,7.8,1.47,4.243542435424354,-45.59560980225187
Hong Kong,2004-05-01,12.0,7.79,1.54,4.137931034482759,-46.881501482891416
Hong Kong,2005-06-01,12.0,7.7807,1.5422776870975619,3.9215686274509802,-49.59876839550452
Hong Kong,2006-01-01,12.0,7.7512,1.5481473836309216,3.8095238095238098,-50.85246401171677
Hong Kong,2006-05-01,12.0,7.7533,1.5477280641791236,3.8709677419354835,-50.07328825228634
Hong Kong,2007-01-01,12.0,7.79845,1.5387673191467535,3.7267080745341614,-52.21219505755423
Hong Kong,2007-06-01,12.0,7.81555,1.535400579613719,3.5190615835777126,-54.973590040653406
Hong Kong,2008-06-01,13.3,7.7974,1.7056967707184447,3.725490196078432,-52.221378971472134
Hong Kong,2009-07-01,13.3,7.7505,1.7160183213986195,3.725490196078432,-51.932259904800574
Hong Kong,2010-01-01,14.8,7.75655,1.9080647968491147,4.134078212290503,-46.702100646672775
Hong Kong,2010-07-01,14.8,7.7742,1.9037328599727303,3.9642857142857144,-49.00715553644473
Hong Kong,2011-07-01,15.1,7.7918,1.9379347519186836,3.714637146371463,-52.32632836608405
Hong Kong,2012-01-01,16.5,7.76735,2.1242766194390623,3.931173491025012,-49.38848524882988
Hong Kong,2012-07-01,16.5,7.75815,2.126795692271998,3.812824956672444,-50.8539412531023
Hong Kong,2013-01-01,17.0,7.7591,2.190975757497648,3.8924797862952274,-49.83335971575018
Hong Kong,2013-07-01,17.0,7.75665,2.191667794730973,3.7307973664959766,-51.901950371668484
Hong Kong,2014-01-01,18.0,7.75785,2.320230476227305,3.8925932600468554,-49.82381381379049
Hong Kong,2014-07-01,18.8,7.75045,2.4256656065131703,3.9207507820646508,-49.41260466083065
Hong Kong,2015-01-01,18.8,7.75135,2.4253839653737734,3.9248434237995826,-49.36567921975421
Hong Kong,2015-07-01,19.2,7.7508,2.477163647623471,4.008350730688935,-48.28468376568954
Hong Kong,2016-01-01,19.2,7.75235,2.4766683650763963,3.894523326572008,-49.76331916680737
Hungary,2000-04-01,339.0,279.0,1.21,135.0597609561753,-51.59148352825258
Hungary,2001-04-01,399.0,303.0,1.32,157.08661417322836,-48.15623294612925
Hungary,2002-04-01,459.0,272.0,1.69,184.33734939759034,-32.22891566265061
Hungary,2003-04-01,490.0,224.0,2.14,180.8118081180812,-19.280442804428045
Hungary,2004-05-01,530.0,211.0,2.52,182.75862068965517,-13.3845399575094
Hungary,2005-06-01,530.0,203.643,2.6025937547570996,173.20261437908496,-14.947916511205905
Hungary,2006-01-01,560.0,206.956,2.7058891745105242,177.77777777777777,-14.098756364745268
Hungary,2006-05-01,560.0,206.3444,2.7139093670581804,180.64516129032256,-12.454536546510319
Hungary,2007-01-01,590.0,194.4237,3.034609463763934,183.22981366459626,-5.757470069443038
Hungary,2007-06-01,600.0,180.2106,3.3294378910008624,175.95307917888562,-2.3625251905905587
Hungary,2008-06-01,670.0,144.2578,4.644462899059877,187.67507002801122,30.096999973666037
Hungary,2009-07-01,720.0,199.1577,3.615225522287112,201.68067226890759,1.266821352580183
Hungary,2010-01-01,720.0,186.6508,3.8574707421559404,201.11731843575419,7.750579389830725
Hungary,2010-07-01,740.0,221.96915,3.333796610925437,198.21428571428572,-10.701876493068651
Hungary,2011-07-01,760.0,188.0724,4.040996977759629,186.96186961869617,-0.5904802519156593
Hungary,2012-01-01,645.0,245.69425,2.6252140617861426,153.67314555825047,-37.45350346691041
Hungary,2012-07-01,830.0,238.2151,3.484245960898365,191.7966493356442,-19.48593966728214
Hungary,2013-01-01,830.0,217.46935,3.816629791738468,190.04460133088463,-12.610856964034411
Hungary,2013-07-01,860.0,228.462,3.764302159658937,188.73445501097294,-17.38912597676071
Hungary,2014-01-01,860.0,223.09705,3.8548246155652888,185.9794557577942,-16.637420459932486
Hungary,2014-07-01,860.0,228.30615,3.7668718078772736,179.35349322210635,-21.441672411318592
Hungary,2015-01-01,860.0,271.39345,3.168831082695622,179.54070981210856,-33.844862574204136
Hungary,2015-07-01,900.0,282.8778,3.1815858296409263,187.89144050104383,-33.57858393233975
Hungary,2016-01-01,900.0,292.67905,3.075040731477022,182.5557809330629,-37.625948651581695
India,2011-07-01,84.0,44.4,1.8918918918918919,20.664206642066418,-53.458994049399955
India,2012-01-01,84.0,51.905,1.6183412002697235,20.013246863400063,-61.442545297370074
India,2012-07-01,89.0,56.165,1.5846167542063563,20.56614673599076,-63.3826284412165
India,2013-01-01,89.0,53.395,1.6668227362112555,20.378276528251487,-61.83485995270814
India,2013-07-01,90.0,59.98,1.5005001667222408,19.751280175566936,-67.07022311509347
India,2014-01-01,95.0,61.845,1.5360983102918586,20.54424220580285,-66.78107816993636
India,2014-07-01,105.0,60.08875,1.7474152815626887,21.8978102189781,-63.55755408628387
India,2015-01-01,116.25,61.615,1.886715897102978,24.269311064718163,-60.611359141900245
India,2015-07-01,116.25,63.43,1.832728992590257,24.269311064718163,-61.73843439268774
India,2016-01-01,127.0,66.8025,1.901126454848247,25.760649087221097,-61.43759726474144
Indonesia,2000-04-01,14500.0,7945.0,1.83,5776.892430278885,-27.288956195357017
Indonesia,2001-04-01,14700.0,10855.0,1.35,5787.40157480315,-46.68446269181806
Indonesia,2002-04-01,16000.0,9430.0,1.71,6425.70281124498,-31.858930951802968
Indonesia,2003-04-01,16100.0,8740.0,1.81,5940.959409594096,-32.02563604583415
Indonesia,2004-05-01,16100.0,9120.0,1.77,5551.724137931034,-39.125831820931644
Indonesia,2005-06-01,14600.0,9545.0,1.529596647459403,4771.241830065359,-50.01318145557507
Indonesia,2006-01-01,14600.0,9460.0,1.5433403805496828,4634.920634920635,-51.00506728413705
Indonesia,2006-05-01,14600.0,9325.0,1.5656836461126005,4709.677419354839,-49.49407593185159
Indonesia,2007-01-01,15900.0,9090.0,1.7491749174917492,4937.888198757763,-45.67779759342394
Indonesia,2007-06-01,15900.0,9015.0,1.7637271214642263,4662.756598240469,-48.277797024509496
Indonesia,2008-06-01,18700.0,9152.0,2.043269230769231,5238.0952380952385,-42.76556776556776
Indonesia,2009-07-01,20900.0,10200.0,2.049019607843137,5854.341736694678,-42.604492777503154
Indonesia,2010-01-01,20900.0,9320.0,2.242489270386266,5837.988826815642,-37.36063490541157
Indonesia,2010-07-01,22780.0,9063.0,2.51351649564162,6101.785714285714,-32.67366529531376
Indonesia,2011-07-01,22534.0,8523.0,2.643904728382025,5543.419434194341,-34.95929327473494
Indonesia,2012-01-01,22534.0,9160.0,2.4600436681222706,5368.791724045916,-41.38873663705331
Indonesia,2012-07-01,24200.0,9482.5,2.5520696018982334,5592.143269786251,-41.02669897404429
Indonesia,2013-01-01,27939.0,9767.5,2.8604044023547477,6397.176044076609,-34.50549225414272
Indonesia,2013-07-01,27939.0,9965.0,2.8037129954841946,6131.455742501829,-38.4700878825707
Indonesia,2014-01-01,27939.0,12140.0,2.3014003294892915,6041.953505136061,-50.23102549311318
Indonesia,2014-07-01,27939.0,11505.0,2.4284224250325943,5826.694473409802,-49.35511105250063
Indonesia,2015-01-01,27939.0,12480.0,2.238701923076923,5832.776617954071,-53.26300786895777
Indonesia,2015-07-01,30500.0,13344.5,2.2855858218741805,6367.432150313152,-52.28422083769979
Indonesia,2016-01-01,30500.0,13947.5,2.186771822907331,6186.612576064909,-55.643573571859406
Ireland,2011-07-01,3.8,0.6975203152791825,5.44787,0.9348093480934808,34.0189421894219
Ireland,2012-01-01,3.8,0.7882394671501202,4.82087,0.9053611676300027,14.858644531380305
Ireland,2012-07-01,3.49,0.8248443106363673,4.2311015,0.8064702484113231,-2.227579433853233
Ireland,2013-01-01,3.49,0.736946829286267,4.735755500000001,0.7991032031864909,8.434309156390874
Ireland,2013-07-01,3.46,0.7777561734396267,4.448695,0.75932699341624,-2.3695318215069427
Ireland,2014-01-01,3.46,0.7372184746949759,4.6933169999999995,0.748242926653451,1.4954117859073524
Ireland,2014-07-01,3.49,0.7427489137297137,4.6987615,0.7278415015641294,-2.00705943691345
Ireland,2015-01-01,3.49,0.8630734043930437,4.0436885,0.7286012526096034,-15.580615866388303
Ireland,2015-07-01,3.7,0.9127002236115548,4.053905,0.7724425887265136,-15.367327766179539
Ireland,2016-01-01,3.95,0.9302325581395349,4.24625,0.8012170385395538,-13.869168356997964
Israel,2000-04-01,14.5,4.05,3.58,5.776892430278885,42.63931926614531
Israel,2002-04-01,12.0,4.79,2.51,4.8192771084337345,0.6112131197021808
Israel,2009-07-01,15.0,3.97425,3.774297037176826,4.201680672268908,5.722606083384485
Israel,2010-01-01,14.9,3.7325,3.9919624916275955,4.162011173184357,11.507332168368588
Israel,2010-07-01,14.9,3.8619,3.858204510733059,3.991071428571429,3.3447636803497938
Israel,2011-07-01,15.9,3.40335,4.671867424743268,3.911439114391144,14.929087939563779
Israel,2012-01-01,15.9,3.8485,4.131479797323633,3.788221727715012,-1.5662796488239095
Israel,2012-07-01,11.9,4.07625,2.91934989267096,2.7498555748122477,-32.539574981606926
Israel,2013-01-01,14.9,3.72455,4.000483279859312,3.4116440479881702,-8.401174692562307
Israel,2013-07-01,17.5,3.64595,4.799846404915042,3.840526700804682,5.336790159071891
Israel,2014-01-01,17.5,3.4882,5.01691416776561,3.7844656694899985,8.493368198211071
Israel,2014-07-01,17.5,3.4138,5.126252270197433,3.6496350364963503,6.908285092751476
Israel,2015-01-01,17.5,3.93415,4.448228969408894,3.653444676409186,-7.135094584365465
Israel,2015-07-01,17.5,3.77835,4.631651382217105,3.653444676409186,-3.3058166551752532
Israel,2016-01-01,16.9,3.94105,4.288197307824056,3.4279918864097363,-13.018310186124605
Italy,2011-07-01,3.5,0.6975203152791825,5.017775,0.8610086100861007,23.43849938499385
Italy,2012-01-01,3.5,0.7882394671501202,4.440275000000001,0.8338852859750026,5.790856805218714
Italy,2012-07-01,3.6,0.8248443106363673,4.36446,0.831889081455806,0.8540727902946355
Italy,2013-01-01,3.85,0.736946829286267,5.2242575,0.8815321868962721,19.61951010088965
Italy,2013-07-01,3.75,0.7777561734396267,4.8215625,0.8229700073152889,5.813368690563281
Italy,2014-01-01,3.85,0.7372184746949759,5.222332499999999,0.8325824472877996,12.935646062353579
Italy,2014-07-01,3.85,0.7427489137297137,5.1834475,0.8029197080291971,8.10109489051094
Italy,2015-01-01,3.85,0.8630734043930437,4.4608025,0.8037578288100209,-6.872599164926941
Italy,2015-07-01,4.0,0.9127002236115548,4.3826,0.8350730688935282,-8.50521920668058
Italy,2016-01-01,4.0,0.9302325581395349,4.3,0.8113590263691685,-12.778904665314395
Japan,2000-04-01,294.0,106.0,2.78,117.13147410358567,10.50139066376008
Japan,2001-04-01,294.0,124.0,2.38,115.74803149606299,-6.654813309626617
Japan,2002-04-01,262.0,130.0,2.01,105.22088353413653,-19.060858819894978
Japan,2003-04-01,262.0,120.0,2.18,96.6789667896679,-19.434194341943424
Japan,2004-05-01,262.0,113.0,2.33,90.3448275862069,-20.048825144949646
Japan,2005-06-01,250.0,106.715,2.342688469287354,81.69934640522875,-23.44155329126294
Japan,2006-01-01,250.0,114.305,2.18713092165697,79.36507936507937,-30.56727232835015
Japan,2006-05-01,250.0,112.105,2.2300521832210873,80.64516129032258,-28.06283279931977
Japan,2007-01-01,280.0,121.585,2.3029156557141097,86.95652173913042,-28.4808802573258
Japan,2007-06-01,280.0,122.315,2.289171401708703,82.11143695014663,-32.86887385018466
Japan,2008-06-01,280.0,106.855,2.6203734032099573,78.43137254901961,-26.60018478403481
Japan,2009-07-01,320.0,92.565,3.4570301949981097,89.6358543417367,-3.164420308176197
Japan,2010-01-01,320.0,91.54,3.4957395674022282,89.3854748603352,-2.353643368652847
Japan,2010-07-01,320.0,87.18,3.670566643725625,85.71428571428571,-1.6812506144922024
Japan,2011-07-01,320.0,78.365,4.083455624322083,78.72078720787206,0.45401289845219406
Japan,2012-01-01,320.0,76.92,4.160166406656266,76.24094043200023,-0.882812750909745
Japan,2012-07-01,320.0,78.22,4.091025313219125,73.94569612940498,-5.464464165935845
Japan,2013-01-01,320.0,91.065,3.513973535386812,73.27020774202781,-19.540759081943882
Japan,2013-07-01,320.0,100.105,3.1966435242994855,70.22677395757133,-29.84688681127684
Japan,2014-01-01,310.0,104.245,2.973763729675284,67.0391061452514,-35.690818604967724
Japan,2014-07-01,370.0,101.53,3.644243080862799,77.16371220020855,-23.99910154613557
Japan,2015-01-01,370.0,117.765,3.141850295079183,77.24425887265136,-34.40813580210473
Japan,2015-07-01,370.0,123.935,2.9854359139871707,77.24425887265136,-37.673571733044454
Japan,2016-01-01,370.0,118.645,3.1185469257027267,75.05070993914808,-36.74347006688181
Latvia,2004-05-01,1.09,0.5458,1.997068523268597,0.37586206896551727,-31.135568163151827
Latvia,2005-06-01,1.09,0.5671,1.9220596014812201,0.3562091503267974,-37.18759472283595
Latvia,2006-05-01,1.35,0.5476,2.465303140978817,0.43548387096774194,-20.47409222648978
Latvia,2007-01-01,1.35,0.5476,2.465303140978817,0.4192546583850932,-23.43779065283178
Latvia,2007-06-01,1.39,0.5109,2.720688980230965,0.407624633431085,-20.214399406716577
Latvia,2008-06-01,1.55,0.4433,3.4965034965034962,0.4341736694677871,-2.0587255881373556
Latvia,2009-07-01,1.55,0.5017,3.0894957145704605,0.4341736694677871,-13.459503793544524
Latvia,2010-01-01,1.55,0.5017,3.0894957145704605,0.4341736694677871,-13.459503793544524
Latvia,2010-07-01,1.55,0.5529,2.803400253210346,0.41517857142857145,-24.9089217890086
Latvia,2011-07-01,1.6,0.49475,3.233956543708944,0.3936039360393604,-20.443873463494622
Latvia,2012-01-01,1.65,0.55035,2.9980921231943305,0.3931173491025012,-28.56957407059123
Latvia,2012-07-01,1.69,0.5744,2.942200557103064,0.39052570768342,-32.011541141465884
Latvia,2013-01-01,1.69,0.51525,3.2799611838913147,0.38695828463758436,-24.89892583452996
Latvia,2013-07-01,1.69,0.54635,3.093255239315457,0.37088514996342353,-32.11583234860007
Lithuania,2004-05-01,6.5,2.8731,2.262364693188542,2.241379310344828,-21.987424372808885
Lithuania,2005-06-01,6.5,2.8132,2.310536044362292,2.1241830065359477,-24.492286131951246
Lithuania,2006-05-01,6.5,2.69445,2.4123661600697734,2.096774193548387,-22.181736771942806
Lithuania,2007-01-01,6.5,2.69445,2.4123661600697734,2.0186335403726705,-25.081796271125068
Lithuania,2007-06-01,6.6,2.53355,2.6050403583904007,1.9354838709677418,-23.605854592656872
Lithuania,2008-06-01,6.9,2.177,3.1694993109784106,1.9327731092436977,-11.218506695282604
Lithuania,2009-07-01,7.1,2.4753,2.8683391912091465,1.988795518207283,-19.654364391900657
Lithuania,2010-01-01,7.1,2.4753,2.8683391912091465,1.988795518207283,-19.654364391900657
Lithuania,2010-07-01,7.3,2.6937,2.7100271002710024,1.9553571428571428,-27.40998838559815
Lithuania,2011-07-01,7.3,2.4084,3.03105796379339,1.7958179581795817,-25.435228442967038
Lithuania,2012-01-01,7.8,2.7216,2.8659611992945324,1.8583729230300057,-31.717632163800502
Lithuania,2012-07-01,7.8,2.84805,2.7387159635540104,1.8024263431542462,-36.71366924196394
Lithuania,2013-01-01,7.8,2.5445,3.0654352525054036,1.785961313711928,-29.810913196623
Lithuania,2013-07-01,8.6,2.68545,3.202442793572772,1.8873445501097292,-29.71961681990991
Lithuania,2014-01-01,8.8,2.5454,3.457216940363008,1.903045593800685,-25.23589244123968
Lithuania,2014-07-01,8.95,2.56455,3.4898910140180535,1.8665276329509906,-27.21812275249106
Malaysia,2000-04-01,4.52,3.8,1.19,1.800796812749004,-52.61061019081568
Malaysia,2001-04-01,4.52,3.8,1.19,1.7795275590551178,-53.17032739328638
Malaysia,2002-04-01,5.04,3.8,1.33,2.0240963855421685,-46.73430564362714
Malaysia,2003-04-01,5.04,3.8,1.33,1.859778597785978,-51.05845795300057
Malaysia,2004-05-01,5.04,3.8,1.33,1.7379310344827588,-54.264972776769504
Malaysia,2005-06-01,5.25,3.8,1.381578947368421,1.7156862745098038,-54.850361197110416
Malaysia,2006-01-01,5.5,3.7488,1.4671361502347418,1.746031746031746,-53.42424919889709
Malaysia,2006-05-01,5.5,3.6295,1.5153602424576387,1.7741935483870968,-51.117411533624555
Malaysia,2007-01-01,5.5,3.502,1.5705311250713878,1.7080745341614907,-51.225741457410315
Malaysia,2007-06-01,5.5,3.4345,1.6013975833454652,1.6129032258064515,-53.03819403678989
Malaysia,2008-06-01,5.5,3.238,1.69857936998147,1.5406162464985995,-52.420745938894385
Malaysia,2009-07-01,6.77,3.602,1.8795113825652414,1.8963585434173669,-47.35262233710809
Malaysia,2010-01-01,7.05,3.3875,2.081180811808118,1.9692737430167597,-41.86645777072297
Malaysia,2010-07-01,7.05,3.2135,2.1938696125719623,1.888392857142857,-41.23563537753673
Malaysia,2011-07-01,7.2,2.973,2.421796165489405,1.7712177121771215,-40.42321856114626
Malaysia,2012-01-01,7.35,3.13955,2.3410998391489226,1.7511591005475053,-44.22260831815051
Malaysia,2012-07-01,7.4,3.1735,2.331810304080668,1.70999422299249,-46.1164574446986
Malaysia,2013-01-01,7.95,3.083,2.578657152124554,1.8203067235910035,-40.95664211511504
Malaysia,2013-07-01,7.3,3.1805,2.2952365980191796,1.6020482809070957,-49.62904320367566
Malaysia,2014-01-01,7.4,3.3235,2.2265683767112985,1.6002883402414851,-51.84930524322296
Malaysia,2014-07-01,7.63,3.1675,2.408839779005525,1.5912408759124088,-49.76350825848749
Malaysia,2015-01-01,7.63,3.6155,2.1103581800580833,1.592901878914405,-55.94241795285839
Malaysia,2015-07-01,7.65,3.8065,2.0097202154209906,1.5970772442588728,-58.043419302275765
Malaysia,2016-01-01,8.0,4.3925,1.8212862834376777,1.622718052738337,-63.05707335826211
Mexico,2000-04-01,20.9,9.41,2.22,8.326693227091633,-11.512293017092102
Mexico,2001-04-01,21.9,9.29,2.36,8.622047244094487,-7.190018901028116
Mexico,2002-04-01,21.9,9.28,2.37,8.795180722891565,-5.224345658496055
Mexico,2003-04-01,23.0,10.53,2.14,8.487084870848708,-19.40090341074351
Mexico,2004-05-01,24.0,11.6,2.08,8.275862068965518,-28.656361474435187
Mexico,2005-06-01,28.0,10.8675,2.576489533011272,9.15032679738562,-15.800995653226401
Mexico,2006-01-01,28.0,10.5425,2.6559165283376807,8.88888888888889,-15.68518957658156
Mexico,2006-05-01,29.0,11.3031,2.5656678256407535,9.35483870967742,-17.23652175352408
Mexico,2007-01-01,29.0,10.8894,2.663140301577681,9.006211180124224,-17.29377945410928
Mexico,2007-06-01,29.0,10.76755,2.6932774865220037,8.504398826979472,-21.01825552721397
Mexico,2008-06-01,32.0,10.1685,3.1469734965825835,8.96358543417367,-11.849481888443037
Mexico,2009-07-01,33.0,13.8104,2.389503562532584,9.243697478991598,-33.0671270999276
Mexico,2010-01-01,32.0,12.81375,2.4973173348941566,8.938547486033519,-30.242532544855973
Mexico,2010-07-01,32.0,12.782,2.5035205758097323,8.571428571428571,-32.941413147953604
Mexico,2011-07-01,32.0,11.67075,2.7418974787395842,7.872078720787207,-32.548647509481334
Mexico,2012-01-01,37.0,13.6844,2.7038087164946947,8.815358737450026,-35.58096272068906
Mexico,2012-07-01,37.0,13.687,2.7032950975378096,8.54997111496245,-37.53217567792467
Mexico,2013-01-01,37.0,12.7384,2.904603403881178,8.471867770171967,-33.4934703716953
Mexico,2013-07-01,37.0,12.94115,2.859096757243367,8.119970738844184,-37.25464322070153
Mexico,2014-01-01,37.0,13.33275,2.7751214115617557,8.001441701207424,-39.986561653016636
Mexico,2014-07-01,42.0,12.93255,3.24761937900878,8.75912408759124,-32.27071159522878
Mexico,2015-01-01,49.0,14.6275,3.3498547256879165,10.22964509394572,-30.065663346807582
Mexico,2015-07-01,49.0,15.73975,3.113137120983497,10.22964509394572,-35.00757576234871
Mexico,2016-01-01,49.0,17.43675,2.8101567092491435,9.939148073022313,-42.998849710970724
Netherlands,2011-07-01,3.25,0.6975203152791825,4.6593625,0.7995079950799507,14.621463714637152
Netherlands,2012-01-01,3.25,0.7882394671501202,4.1231125,0.7743220512625024,-1.765632966582631
Netherlands,2012-07-01,3.38,0.8248443106363673,4.097743,0.78105141536684,-5.309231658001146
Netherlands,2013-01-01,3.45,0.736946829286267,4.681477500000001,0.7899444272187374,7.191509051446565
Netherlands,2013-07-01,3.45,0.7777561734396267,4.4358375,0.7571324067300659,-2.651700804681778
Netherlands,2014-01-01,3.45,0.7372184746949759,4.6797525,0.746080374842314,1.202072445485669
Netherlands,2014-07-01,3.45,0.7427489137297137,4.6449074999999995,0.7194994786235662,-3.1301876955161734
Netherlands,2015-01-01,3.45,0.8630734043930437,3.9973425,0.7202505219206681,-16.548173277661803
Netherlands,2015-07-01,3.45,0.9127002236115548,3.7799925,0.7202505219206681,-21.085751565762003
Netherlands,2016-01-01,3.45,0.9302325581395349,3.70875,0.6997971602434078,-24.77180527383367
New Zealand,2000-04-01,3.4,2.01,1.69,1.354581673306773,-32.607876949911784
New Zealand,2001-04-01,3.6,2.47,1.46,1.4173228346456692,-42.61850871879882
New Zealand,2002-04-01,3.6,2.24,1.77,1.4457831325301205,-35.45611015490534
New Zealand,2003-04-01,3.95,1.78,2.15,1.4575645756457565,-18.114349682822674
New Zealand,2004-05-01,4.35,1.64,2.65,1.5,-8.536585365853655
New Zealand,2005-06-01,4.45,1.4023,3.1733580546245452,1.4542483660130718,3.704511589037418
New Zealand,2006-01-01,4.45,1.4467,3.0759659915670143,1.4126984126984128,-2.3502859819995336
New Zealand,2006-05-01,4.45,1.62101,2.745202065378992,1.435483870967742,-11.4450946651938
New Zealand,2007-01-01,4.6,1.42796,3.221378750105045,1.4285714285714284,0.04281832624362103
New Zealand,2007-06-01,4.6,1.2797,3.594592482613112,1.348973607038123,5.413269284842004
New Zealand,2008-06-01,4.9,1.3177,3.7186005919405023,1.3725490196078434,4.162481566960863
New Zealand,2009-07-01,4.9,1.59235,3.0772129242942823,1.3725490196078434,-13.803559543577515
New Zealand,2010-01-01,4.9,1.35685,3.6113055975236765,1.3687150837988828,0.8744580313876149
New Zealand,2010-07-01,5.0,1.392757660167131,3.59,1.3392857142857142,-3.839285714285723
New Zealand,2011-07-01,5.1,1.1560693641618498,4.411499999999999,1.2546125461254611,8.523985239852383
New Zealand,2012-01-01,5.1,1.26000126000126,4.0476149999999995,1.2150899881350037,-3.564383091665435
New Zealand,2012-07-01,5.1,1.273560876209883,4.004519999999999,1.1785095320623917,-7.463431542461008
New Zealand,2013-01-01,5.2,1.2024289063909097,4.32458,1.190640875807952,-0.9803515634316695
New Zealand,2013-07-01,5.5,1.2793449753726094,4.299074999999999,1.207022677395757,-5.653072421360661
New Zealand,2014-01-01,5.5,1.2030075187969924,4.571875,1.189403496125428,-1.1308343845737867
New Zealand,2014-07-01,5.7,1.1527377521613833,4.94475,1.18873826903024,3.1230448383733123
New Zealand,2015-01-01,5.9,1.3132838663077024,4.492555,1.2317327766179542,-6.209707724425884
New Zealand,2015-07-01,5.9,1.5090922809929828,3.909635,1.2317327766179542,-18.37922755741127
New Zealand,2016-01-01,5.9,1.5080681646810434,3.9122900000000005,1.1967545638945234,-20.643204868154143
Norway,2002-04-01,35.0,8.56,4.09,14.056224899598392,64.20823480839242
Norway,2004-05-01,35.5,6.8491,5.183162751310391,12.241379310344827,78.7297500451859
Norway,2005-06-01,39.0,6.4326,6.062867269844231,12.745098039215685,98.13291731517093
Norway,2006-05-01,43.0,6.1023,7.046523441980893,13.870967741935484,127.30720780583526
Norway,2007-01-01,41.5,6.1023,6.80071448470249,12.888198757763975,111.20231318951829
Norway,2007-06-01,40.0,5.8139,6.880063296582328,11.730205278592376,101.76138699654919
Norway,2008-06-01,40.0,5.07915,7.875333471151668,11.204481792717088,120.59757622273585
Norway,2009-07-01,40.0,6.50925,6.1451012021354225,11.204481792717088,72.13168633432558
Norway,2010-01-01,40.0,5.69555,7.02302674895313,11.1731843575419,96.17393153500365
Norway,2010-07-01,45.0,6.24625,7.2043225935561335,12.053571428571429,92.97292661311074
Norway,2011-07-01,45.0,5.41405,8.311707501777782,11.07011070110701,104.47004924422588
Norway,2012-01-01,41.0,6.0399,6.788191857481084,9.76837049285003,61.730665952251364
Norway,2012-07-01,43.0,6.09205,7.0583793632685214,9.936452917388793,63.10524236322408
Norway,2013-01-01,43.0,5.4831,7.842279002753916,9.845684165334987,79.56419115710067
Norway,2013-07-01,46.0,6.1281,7.506404921590705,10.095098756400878,64.7345630195473
Norway,2014-01-01,48.0,6.15745,7.795434798496131,10.380248693458281,68.58031642089308
Norway,2014-07-01,48.0,6.1873,7.757826515604545,10.010427528675704,61.78991690520428
Norway,2015-01-01,48.0,7.6225,6.297146605444408,10.020876826722338,31.46443852702314
Norway,2015-07-01,46.0,8.14255,5.649335896003095,9.603340292275574,17.94020659714186
Norway,2016-01-01,46.8,8.97465,5.214688037973625,9.49290060851927,5.774605232730745
Pakistan,2004-05-01,110.0,57.76,1.904432132963989,37.93103448275862,-34.32992644951762
Pakistan,2005-06-01,130.0,59.62,2.1804763502180475,42.48366013071895,-28.74260293405073
Pakistan,2006-05-01,130.0,60.055,2.164682374490051,41.935483870967744,-30.171536306772552
Pakistan,2007-01-01,140.0,60.055,2.331196403296978,43.47826086956521,-27.602596170901318
Pakistan,2007-06-01,140.0,60.37,2.3190326321020374,41.05571847507331,-31.993177944221774
Pakistan,2008-06-01,140.0,70.9,1.9746121297602255,39.21568627450981,-44.688735861058106
Pakistan,2009-07-01,190.0,82.6,2.3002421307506054,53.221288515406165,-35.56744731791021
Pakistan,2010-01-01,200.0,82.6,2.4213075060532687,56.022408963585434,-32.17626033464233
Pakistan,2010-07-01,210.0,85.525,2.4554223911137094,56.25,-34.22975738088279
Pakistan,2011-07-01,205.13,86.345,2.375702125195437,50.46248462484624,-41.557143291625174
Pakistan,2012-01-01,260.0,90.05,2.887284841754581,61.94576410100019,-31.20959011549118
Pakistan,2012-07-01,285.0,94.605,3.0125257650229904,65.8578856152513,-30.3864641242521
Pakistan,2013-01-01,290.0,97.665,2.9693339476782876,66.4011257662127,-32.011338999423856
Pakistan,2013-07-01,300.0,100.035,2.99895036737142,65.83760058522311,-34.18543451269744
Pakistan,2014-01-01,320.0,105.415,3.035621116539392,69.20165795638854,-34.35312056501585
Pakistan,2014-07-01,300.0,98.68,3.0401297122010535,62.56517205422315,-36.5979204963284
Pakistan,2015-01-01,300.0,100.735,2.9781108849952846,62.63048016701461,-37.82649509404416
Pakistan,2015-07-01,350.0,101.7,3.4414945919370696,73.06889352818372,-28.15251373826576
Pakistan,2016-01-01,300.0,104.885,2.860275539877008,60.85192697768763,-41.98224057044608
Peru,2002-04-01,8.5,3.43,2.48,3.4136546184738954,-0.4765417354549495
Peru,2003-04-01,7.9,3.46,2.28,2.915129151291513,-15.7477123904187
Peru,2004-05-01,8.99,3.49,2.57,3.1,-11.174785100286533
Peru,2005-06-01,8.99,3.2546,2.762244208197628,2.9379084967320264,-9.730581431450059
Peru,2006-01-01,9.5,3.446,2.7568195008705745,3.015873015873016,-12.481920607283348
Peru,2006-05-01,9.5,3.261,2.913216804661147,3.064516129032258,-6.025264365769456
Peru,2007-01-01,9.5,3.1895,2.9785232795108953,2.950310559006211,-7.499277033823127
Peru,2007-06-01,9.5,3.167,2.9996842437638147,2.785923753665689,-12.032720124228325
Peru,2008-06-01,9.5,2.84,3.3450704225352115,2.6610644257703084,-6.30054838836942
Peru,2009-07-01,8.056,3.0274,2.661029266036863,2.2565826330532213,-25.461365097006627
Peru,2010-01-01,8.056,2.8705,2.8064797073680543,2.2502793296089383,-21.606712084691225
Peru,2010-07-01,10.0,2.8275,3.5366931918656057,2.6785714285714284,-5.267146646456999
Peru,2011-07-01,10.0,2.7375,3.6529680365296806,2.460024600246002,-10.136087662246496
Peru,2012-01-01,10.0,2.6925,3.714020427112349,2.382529388500007,-11.512371829154787
Peru,2013-01-01,10.0,2.5595,3.9070130884938465,2.289693991938369,-10.541356048510686
Peru,2013-07-01,10.0,2.783,3.5932446999640675,2.194586686174104,-21.14313021293195
Peru,2014-01-01,10.0,2.8065,3.5631569570639585,2.162551811137142,-22.944884691354297
Peru,2014-07-01,10.0,2.788,3.586800573888092,2.0855057351407718,-25.197068323501725
Peru,2015-01-01,10.0,3.008,3.324468085106383,2.0876826722338206,-30.595655843290537
Peru,2015-07-01,10.0,3.1835,3.141196795979268,2.0876826722338206,-34.42177878957686
Peru,2016-01-01,10.0,3.418,2.925687536571094,2.028397565922921,-40.65542522168166
Philippines,2001-04-01,59.0,50.3,1.17,23.228346456692915,-53.82038477794649
Philippines,2002-04-01,65.0,51.0,1.28,26.10441767068273,-48.81486731238681
Philippines,2003-04-01,65.0,52.5,1.23,23.985239852398525,-54.31382885257423
Philippines,2004-05-01,69.0,55.9,1.23,23.79310344827586,-57.436308679291834
Philippines,2005-06-01,80.0,54.55,1.466544454628781,26.143790849673202,-52.073710633046375
Philippines,2006-01-01,82.0,52.58,1.5595283377710156,26.03174603174603,-50.491163880285214
Philippines,2006-05-01,85.0,52.625,1.6152019002375297,27.419354838709676,-47.89671289556357
Philippines,2007-01-01,85.0,49.05,1.7329255861365953,26.397515527950308,-46.18243521314922
Philippines,2007-06-01,85.0,45.8975,1.8519527207364235,24.926686217008797,-45.69053604878523
Philippines,2008-06-01,87.0,44.485,1.955715409688659,24.369747899159666,-45.21805575101795
Philippines,2009-07-01,99.39,48.385,2.054149013123902,27.840336134453782,-42.46081195731366
Philippines,2010-01-01,101.52,45.92,2.210801393728223,28.35754189944134,-38.24577112490998
Philippines,2010-07-01,102.0,46.47,2.194964493221433,27.32142857142857,-41.20630821728304
Philippines,2011-07-01,118.0,42.41,2.7823626503183214,29.028290282902827,-31.553194334112643
Philippines,2012-01-01,118.0,44.005,2.6815134643790475,28.113846784300087,-36.11215365458451
Philippines,2012-07-01,118.0,42.2,2.796208530805687,27.267475447718084,-35.38512927081023
Philippines,2013-01-01,118.0,40.6,2.9064039408866993,27.018389104872757,-33.45224358405725
Philippines,2013-07-01,115.21,43.44,2.6521639042357275,25.28383321141185,-41.79596406212741
Philippines,2014-01-01,135.0,45.23,2.9847446385142606,29.194449450351417,-35.45335076199111
Philippines,2014-07-01,160.0,43.205,3.703275083902326,33.36809176225235,-22.767985737177753
Philippines,2015-01-01,163.0,44.41,3.6703445170006757,34.029227557411275,-23.37485350729278
Philippines,2015-07-01,163.0,45.2125,3.605197677633398,34.029227557411275,-24.734912784271433
Philippines,2016-01-01,131.0,47.0225,2.785900366845659,26.572008113590265,-43.49086476986492
Poland,2000-04-01,5.5,4.3,1.28,2.1912350597609564,-49.04104512183822
Poland,2001-04-01,5.9,4.03,1.46,2.3228346456692917,-42.361423184384826
Poland,2002-04-01,5.9,4.04,1.46,2.3694779116465865,-41.34955664241122
Poland,2003-04-01,6.3,3.89,1.56,2.3247232472324724,-40.23847693489788
Poland,2004-05-01,6.3,3.87,1.63,2.1724137931034484,-43.86527666399358
Poland,2005-06-01,6.5,3.3096,1.9639835629683344,2.1241830065359477,-35.81753062194986
Poland,2006-01-01,6.5,3.1151,2.086610381689191,2.0634920634920637,-33.7584005812955
Poland,2006-05-01,6.5,3.09915,2.0973492731878096,2.096774193548387,-32.34357183265131
Poland,2007-01-01,6.9,2.97175,2.3218642214183562,2.142857142857143,-27.89241548390199
Poland,2007-06-01,6.9,2.75185,2.507404109962389,2.0234604105571847,-26.469087684387425
Poland,2008-06-01,7.0,2.03145,3.4458145659504296,1.9607843137254903,-3.478583586822692
Poland,2009-07-01,7.6,3.15525,2.4086839394659694,2.1288515406162465,-32.529861639608704
Poland,2010-01-01,8.1,2.83565,2.856487930456862,2.2625698324022343,-20.209834344780408
Poland,2010-07-01,8.3,3.1969,2.5962651318464767,2.223214285714286,-30.45718396839794
Poland,2011-07-01,8.63,2.7968,3.0856693363844396,2.1230012300123002,-24.091775242695224
Poland,2012-01-01,9.1,3.52045,2.58489681716826,2.1681017435350065,-38.41407366856491
Poland,2012-07-01,9.1,3.46035,2.6297917840680856,2.1028307336799537,-39.23069245365487
Poland,2013-01-01,9.1,3.092,2.9430789133247086,2.083621532663916,-32.6124989435991
Poland,2013-07-01,9.2,3.3655,2.7336205615807456,2.0190197512801755,-40.008327105031185
Poland,2014-01-01,9.2,3.0684,2.9983053056967797,1.9895476662461704,-35.16009430823327
Poland,2014-07-01,9.2,3.0714,2.9953767011786154,1.9186652763295098,-37.53124710784952
Poland,2015-01-01,9.2,3.7066,2.482059029838666,1.9206680584551146,-48.182483719443304
Poland,2015-07-01,9.6,3.7736,2.5439898240407035,2.0041753653444676,-46.889565260110565
Poland,2016-01-01,9.6,4.0477,2.371717271536922,1.947261663286004,-51.89214459357155
Portugal,2011-07-01,2.9,0.6975203152791825,4.157585,0.7134071340713406,2.2776137761377546
Portugal,2012-01-01,2.9,0.7882394671501202,3.679085,0.6909335226650021,-12.344718647104502
Portugal,2012-07-01,4.95,0.8248443106363673,6.001132500000001,1.1438474870017332,38.67435008665514
Portugal,2013-01-01,2.95,0.736946829286267,4.0030025,0.6754597276218189,-8.343492260357277
Portugal,2013-07-01,2.95,0.7777561734396267,3.7929625000000002,0.6474030724213606,-16.760149963423554
Portugal,2014-01-01,3.0,0.7372184746949759,4.06935,0.6487655433411426,-11.998197873490724
Portugal,2014-07-01,3.0,0.7427489137297137,4.03905,0.6256517205422315,-15.765380604796675
Portugal,2015-01-01,3.0,0.8630734043930437,3.4759499999999997,0.6263048016701461,-27.433194154488525
Portugal,2015-07-01,3.0,0.9127002236115548,3.28695,0.6263048016701461,-31.378914405010438
Portugal,2016-01-01,3.0,0.9302325581395349,3.225,0.6085192697768763,-34.58417849898579
Russia,2000-04-01,39.5,28.5,1.39,15.737051792828687,-44.78227441112741
Russia,2001-04-01,35.0,28.9,1.21,13.779527559055119,-52.319973844099934
Russia,2002-04-01,39.0,31.2,1.25,15.662650602409638,-49.79919678714859
Russia,2003-04-01,41.0,31.1,1.31,15.129151291512915,-51.353211281308965
Russia,2004-05-01,42.0,29.0,1.45,14.482758620689655,-50.05945303210464
Russia,2005-06-01,42.0,28.4055,1.4785868933833237,13.72549019607843,-51.680166882897915
Russia,2006-01-01,46.0,28.67,1.6044645971398674,14.603174603174603,-49.06461596381374
Russia,2006-05-01,48.0,27.06375,1.7735901344048774,15.483870967741934,-42.7874150191975
Russia,2007-01-01,49.0,26.5335,1.8467220683287164,15.217391304347824,-42.648382971157886
Russia,2007-06-01,52.0,25.64825,2.0274287719435047,15.249266862170087,-40.544610793445614
Russia,2008-06-01,59.0,23.2336,2.5394256593898494,16.526610644257705,-28.867628588519622
Russia,2009-07-01,67.0,32.7959,2.042938294116033,18.76750700280112,-42.77483769983101
Russia,2010-01-01,70.0,29.927,2.3390249607377953,19.553072625698324,-34.66410724196103
Russia,2010-07-01,71.0,30.44325,2.332208289193828,19.017857142857142,-37.53013511087961
Russia,2011-07-01,75.0,27.7525,2.7024592379064947,18.450184501845015,-33.518837935879596
Russia,2012-01-01,81.0,31.7693,2.549631247776942,19.29848804685006,-39.25428622333492
Russia,2012-07-01,75.0,32.76525,2.2890104607778055,17.331022530329292,-47.10547750946722
Russia,2013-01-01,72.88,30.045,2.425694791146613,16.687289813246835,-44.459012104354024
Russia,2013-07-01,87.0,32.9389,2.641253958086032,19.092904169714703,-42.03539228779739
Russia,2014-01-01,89.0,33.93925,2.622332550071083,19.24671111912056,-43.290699944399
Russia,2014-07-01,89.0,34.83725,2.5547366683650403,18.561001042752867,-46.7208202635028
Russia,2015-01-01,89.0,65.227,1.3644656353963849,18.580375782881003,-71.51428736124457
Russia,2015-07-01,107.0,56.815,1.883305465106046,22.338204592901878,-60.68255813974852
Russia,2016-01-01,114.0,74.655,1.5270243118344384,23.1237322515213,-69.02587602769901
Saudi Arabia,2004-05-01,2.4,3.7502,0.639965868487014,0.8275862068965517,-77.93221143148227
Saudi Arabia,2005-06-01,9.0,3.7501,2.399936001706621,2.941176470588235,-21.57071889847645
Saudi Arabia,2006-05-01,9.0,3.749,2.40064017071219,2.903225806451613,-22.559994493155166
Saudi Arabia,2007-01-01,9.0,3.749,2.40064017071219,2.795031055900621,-25.44595743129846
Saudi Arabia,2007-06-01,9.0,3.75045,2.3997120345558534,2.6392961876832843,-29.627213062878198
Saudi Arabia,2008-06-01,10.0,3.74955,2.666986705071275,2.801120448179272,-25.294490054025896
Saudi Arabia,2009-07-01,11.0,3.7504,2.9330204778157,3.081232492997199,-17.84256364661905
Saudi Arabia,2010-01-01,10.0,3.7502,2.666524452029225,2.793296089385475,-25.516076758960192
Saudi Arabia,2010-07-01,10.0,3.75045,2.6663467050620593,2.6785714285714284,-28.57999897155199
Saudi Arabia,2011-07-01,10.0,3.7502,2.666524452029225,2.460024600246002,-34.40284250850616
Saudi Arabia,2012-01-01,10.0,3.7502,2.666524452029225,2.382529388500007,-36.46927127886494
Saudi Arabia,2012-07-01,10.0,3.75025,2.666488900739951,2.3108030040439056,-38.3826943792039
Saudi Arabia,2013-01-01,11.0,3.7502,2.9331768972321477,2.5186633911322063,-32.83922481115123
Saudi Arabia,2013-07-01,10.0,3.7502,2.666524452029225,2.194586686174104,-41.48080939218964
Saudi Arabia,2014-01-01,11.0,3.7504,2.9330204778157,2.378806992250856,-36.571912535973325
Saudi Arabia,2014-07-01,11.0,3.75035,2.9330595811057636,2.2940563086548487,-38.830874220943414
Saudi Arabia,2015-01-01,11.0,3.7569,2.9279459128536827,2.2964509394572024,-38.87378052497531
Saudi Arabia,2015-07-01,12.0,3.75055,3.199530735492128,2.5052192066805845,-33.20395124233554
Saudi Arabia,2016-01-01,12.0,3.7543,3.196334869349812,2.4340770791075053,-35.16562131136284
Singapore,2000-04-01,3.2,1.7,1.88,1.2749003984063747,-25.00585891727207
Singapore,2001-04-01,3.3,1.81,1.82,1.2992125984251968,-28.220298429547142
Singapore,2002-04-01,3.3,1.82,1.81,1.325301204819277,-27.181252482457317
Singapore,2003-04-01,3.3,1.78,1.85,1.2177121771217712,-31.589203532484767
Singapore,2004-05-01,3.3,1.71,1.92,1.1379310344827587,-33.45432546884452
Singapore,2005-06-01,3.6,1.6607,2.1677605828867343,1.1764705882352942,-29.158150886054422
Singapore,2006-01-01,3.6,1.6353,2.2014309301045683,1.142857142857143,-30.113303806204183
Singapore,2006-05-01,3.6,1.5873,2.268002268002268,1.1612903225806452,-26.838636516055857
Singapore,2007-01-01,3.6,1.53795,2.340778308787672,1.1180124223602483,-27.30502146622137
Singapore,2007-06-01,3.95,1.52375,2.592288761279738,1.1583577712609971,-23.979801722001824
Singapore,2008-06-01,3.95,1.35275,2.9199778229532436,1.1064425770308124,-18.20790411895675
Singapore,2009-07-01,4.22,1.4645,2.881529532263571,1.1820728291316527,-19.28488705144058
Singapore,2010-01-01,4.45,1.39555,3.1887069614130628,1.2430167597765363,-10.929973144886517
Singapore,2010-07-01,4.23,1.3742,3.0781545626546354,1.1330357142857144,-17.549431357465117
Singapore,2011-07-01,4.41,1.20705,3.65353547906052,1.084870848708487,-10.122128436395583
Singapore,2012-01-01,4.85,1.2928,3.7515470297029703,1.1555267534225035,-10.618289493927636
Singapore,2012-07-01,4.4,1.2585,3.496225665474772,1.0167533217793185,-19.209112294054943
Singapore,2013-01-01,4.5,1.23485,3.6441673077701746,1.030362296372266,-16.5597200978041
Singapore,2013-07-01,4.7,1.2747,3.6871420726445443,1.031455742501829,-19.08247097341893
Singapore,2014-01-01,4.6,1.27885,3.5969816632130427,0.9947738331230852,-22.21340789591546
Singapore,2014-07-01,4.7,1.238,3.796445880452343,0.9801876955161627,-20.82490343165083
Singapore,2015-01-01,4.7,1.33315,3.525484754153696,0.9812108559498957,-26.39906567528818
Singapore,2015-07-01,4.7,1.3664,3.439695550351288,0.9812108559498957,-28.190072017718414
Singapore,2016-01-01,4.7,1.43725,3.2701339363367543,0.9533468559837729,-33.66868283292587
South Africa,2000-04-01,9.0,6.72,1.34,3.5856573705179287,-46.64200341491177
South Africa,2001-04-01,9.7,8.13,1.19,3.8188976377952755,-53.02708932601138
South Africa,2002-04-01,9.7,10.9,0.87,3.8955823293172687,-64.26071257507093
South Africa,2003-04-01,13.95,7.56,1.74,5.14760147601476,-31.91003338604814
South Africa,2004-05-01,12.4,6.66,1.86,4.275862068965518,-35.79786683234958
South Africa,2005-06-01,13.95,6.6482,2.0983123251406393,4.5588235294117645,-31.427701792789563
South Africa,2006-01-01,13.95,6.0803,2.2942946894067724,4.428571428571429,-27.165247955340543
South Africa,2006-05-01,13.95,6.597,2.1145975443383356,4.5,-31.78717598908595
South Africa,2007-01-01,15.5,7.10975,2.1801047856816345,4.813664596273291,-32.294882432247384
South Africa,2007-06-01,15.5,6.971,2.2234973461483287,4.545454545454545,-34.79479923318684
South Africa,2008-06-01,16.95,7.56325,2.2411000561927743,4.7478991596638656,-37.224088061827054
South Africa,2009-07-01,17.95,8.2805,2.1677434937503772,5.028011204481793,-39.27889373248242
South Africa,2010-01-01,17.95,7.3045,2.457389280580464,5.0139664804469275,-31.357841324568035
South Africa,2010-07-01,18.45,7.5365,2.4480859815564253,4.941964285714286,-34.42626835116718
South Africa,2011-07-01,19.45,6.76885,2.8734570865065705,4.784747847478474,-29.31224879442631
South Africa,2012-01-01,19.95,8.1304,2.453753812850536,4.753146130057514,-41.53859428739651
South Africa,2012-07-01,19.95,8.4683,2.3558447386134174,4.610051993067591,-45.56106900951087
South Africa,2013-01-01,20.9,9.047,2.310158063446446,4.785460443151191,-47.104449616986955
South Africa,2013-07-01,22.5,10.04725,2.2394187464231505,4.937820043891734,-50.85401434331052
South Africa,2014-01-01,23.5,10.87765,2.1603930996125085,5.081996756172283,-53.280379896647865
South Africa,2014-07-01,24.5,10.5145,2.330115554710162,5.109489051094891,-51.40530647111237
South Africa,2015-01-01,25.5,11.47875,2.2214962430578242,5.323590814196242,-53.62220786935649
South Africa,2015-07-01,26.0,12.41455,2.0943167492982027,5.427974947807933,-56.27731212321081
South Africa,2016-01-01,28.0,15.81375,1.7706110188917872,5.679513184584179,-64.08496919083595
South Korea,2000-04-01,3000.0,1108.0,2.71,1195.219123505976,7.871762049275821
South Korea,2001-04-01,3000.0,1325.0,2.27,1181.1023622047244,-10.860199078888721
South Korea,2002-04-01,3100.0,1304.0,2.36,1244.9799196787149,-4.526079779239655
South Korea,2003-04-01,3300.0,1220.0,2.63,1217.7121771217712,-0.18752646542858908
South Korea,2004-05-01,3200.0,1177.0,2.72,1103.448275862069,-6.24908446371546
South Korea,2005-06-01,2500.0,1005.5,2.486325211337643,816.9934640522875,-18.74754211314893
South Korea,2006-01-01,2500.0,977.45,2.5576755844288708,793.6507936507936,-18.803949700670763
South Korea,2006-05-01,2500.0,952.4,2.624947501049979,806.4516129032257,-15.324274159678097
South Korea,2007-01-01,2900.0,940.15,3.0846141573153223,900.6211180124224,-4.204529275921676
South Korea,2007-06-01,2900.0,922.5,3.143631436314363,850.4398826979472,-7.811394829490825
South Korea,2008-06-01,3200.0,1018.05,3.1432640832964984,896.358543417367,-11.953387022507044
South Korea,2009-07-01,3400.0,1314.5,2.586534804108026,952.3809523809524,-27.548044702856412
South Korea,2010-01-01,3400.0,1140.5,2.9811486190267424,949.7206703910614,-16.727692205956913
South Korea,2010-07-01,3400.0,1204.45,2.822865208186309,910.7142857142857,-24.38753906643816
South Korea,2011-07-01,3700.0,1056.2,3.503124408256012,910.2091020910208,-13.822277779679915
South Korea,2012-01-01,3700.0,1158.75,3.1930960086299893,881.5358737450027,-23.923549191369776
South Korea,2012-07-01,3700.0,1151.0,3.214596003475239,854.997111496245,-25.71701898381885
South Korea,2013-01-01,3700.0,1085.475,3.408645984476842,847.1867770171966,-21.95243768698526
South Korea,2013-07-01,3900.0,1135.7,3.4340054591881657,855.8888076079005,-24.637773390164618
South Korea,2014-01-01,3700.0,1067.3,3.466691651831725,800.1441701207425,-25.030996896772926
South Korea,2014-07-01,4100.0,1023.75,4.004884004884005,855.0573514077164,-16.477914392408653
South Korea,2015-01-01,4100.0,1083.3,3.784731837902705,855.9498956158664,-20.986809229588633
South Korea,2015-07-01,4300.0,1143.5,3.760384783559248,897.7035490605427,-21.49509846431633
South Korea,2016-01-01,4300.0,1197.75,3.590064704654561,872.2109533468561,-27.179214915728988
Spain,2011-07-01,3.5,0.6975203152791825,5.017775,0.8610086100861007,23.43849938499385
Spain,2012-01-01,3.5,0.7882394671501202,4.440275000000001,0.8338852859750026,5.790856805218714
Spain,2012-07-01,3.5,0.8248443106363673,4.243225000000001,0.8087810514153669,-1.9474292316579822
Spain,2013-01-01,3.5,0.736946829286267,4.749325,0.8013928971784292,8.745009182626951
Spain,2013-07-01,3.5,0.7777561734396267,4.500125,0.7681053401609363,-1.2408558888076127
Spain,2014-01-01,3.65,0.7372184746949759,4.9510425,0.7893314110650568,7.068859253919624
Spain,2014-07-01,3.65,0.7427489137297137,4.914177499999999,0.7612095933263816,2.485453597497367
Spain,2015-01-01,3.65,0.8630734043930437,4.229072499999999,0.7620041753653445,-11.710386221294367
Spain,2015-07-01,3.65,0.9127002236115548,3.9991225,0.7620041753653445,-16.511012526096035
Spain,2016-01-01,3.5,0.9302325581395349,3.7625,0.7099391480730224,-23.68154158215009
Sri Lanka,2004-05-01,140.0,99.0,1.4141414141414141,48.275862068965516,-51.2365029606409
Sri Lanka,2005-06-01,175.0,99.945,1.7509630296663166,57.18954248366013,-42.77898595861711
Sri Lanka,2006-05-01,190.0,102.955,1.8454664659317177,61.29032258064516,-40.46882367962201
Sri Lanka,2007-01-01,190.0,102.955,1.8454664659317177,59.00621118012422,-42.687376834418714
Sri Lanka,2007-06-01,210.0,111.4,1.8850987432675044,61.583577712609966,-44.71851192763917
Sri Lanka,2008-06-01,210.0,107.55,1.9525801952580195,58.82352941176471,-45.30587688352886
Sri Lanka,2009-07-01,210.0,114.86,1.828312728539091,58.82352941176471,-48.78675830422714
Sri Lanka,2010-01-01,210.0,114.86,1.828312728539091,58.82352941176471,-48.78675830422714
Sri Lanka,2010-07-01,210.0,112.775,1.862114830414542,56.25,-50.121924185324765
Sri Lanka,2011-07-01,280.0,109.475,2.5576615665677096,68.88068880688806,-37.080896271397066
Sri Lanka,2012-01-01,290.0,113.93,2.54542262792943,69.09335226650022,-39.35455782805213
Sri Lanka,2012-07-01,290.0,131.0,2.213740458015267,67.01328711727325,-48.844818994447905
Sri Lanka,2013-01-01,350.0,126.45,2.76789244760775,80.13928971784293,-36.62373292380947
Sri Lanka,2013-07-01,370.0,130.8,2.8287461773700304,81.19970738844184,-37.92071300577842
Sri Lanka,2014-01-01,350.0,130.8,2.6758409785932717,75.68931338979996,-42.13355245428138
Sri Lanka,2014-07-01,350.0,130.255,2.6870369659514033,72.99270072992701,-43.9616899697309
Sri Lanka,2015-01-01,350.0,131.875,2.654028436018957,73.06889352818372,-44.59230822507395
Sri Lanka,2015-07-01,350.0,133.85,2.614867388868136,73.06889352818372,-45.409866620706964
Sri Lanka,2016-01-01,350.0,144.05,2.4297119055883374,70.99391480730223,-50.71578284810675
Sweden,2000-04-01,24.0,8.84,2.71,9.56175298804781,8.164626561626797
Sweden,2001-04-01,24.0,10.28,2.33,9.448818897637794,-8.085419283679041
Sweden,2002-04-01,26.0,10.4,2.52,10.44176706827309,0.40160642570279403
Sweden,2003-04-01,30.0,8.34,3.5,11.07011070110701,32.735140301043295
Sweden,2004-05-01,30.0,7.61,3.94,10.344827586206897,35.93728759798813
Sweden,2005-06-01,31.0,7.4402,4.166554662509072,10.130718954248366,36.16191707545988
Sweden,2006-01-01,33.0,7.7119,4.279101129423359,10.476190476190476,35.844480299154235
Sweden,2006-05-01,33.0,7.28455,4.530135698155686,10.64516129032258,46.13340961792534
Sweden,2007-01-01,32.0,7.04125,4.54464761228475,9.937888198757763,41.138124605116474
Sweden,2007-06-01,33.0,6.79165,4.858907629221176,9.67741935483871,42.48995980120751
Sweden,2008-06-01,38.0,5.96085,6.374929749951769,10.644257703081234,78.56946078296274
Sweden,2009-07-01,39.0,7.90915,4.93099764197164,10.92436974789916,38.12318324850532
Sweden,2010-01-01,39.0,7.0821,5.506841191172111,10.893854748603351,53.82237964167904
Sweden,2010-07-01,48.4,7.37355,6.564002414033945,12.964285714285714,75.82149323305212
Sweden,2011-07-01,48.4,6.3352,7.639853516858189,11.90651906519065,87.9422759374708
Sweden,2012-01-01,41.0,6.9338,5.913063543799937,9.76837049285003,40.88047669171351
Sweden,2012-07-01,39.973019865841074,6.9777,5.728681351425409,9.236977438669227,32.37854076084135
Sweden,2013-01-01,40.559301380991066,6.3492,6.388096355602449,9.286838868927285,46.2678584534632
Sweden,2013-07-01,41.61,6.7583,6.156873770030924,9.131675201170447,35.11793204164431
Sweden,2014-01-01,40.7,6.47315,6.287510717347813,8.801585871328168,35.97067689344704
Sweden,2014-07-01,40.7,6.836,5.953774136922177,8.48800834202294,24.16630108283997
Sweden,2015-01-01,40.7,8.19145,4.968595303639772,8.49686847599165,3.7285032075109026
Sweden,2015-07-01,43.7,8.52265,5.127513156119282,9.123173277661795,7.046203676811724
Sweden,2016-01-01,45.0,8.60185,5.2314327731825125,9.127789046653145,6.114255034128058
Switzerland,2000-04-01,5.9,1.7,3.48,2.350597609561753,38.2704476212796
Switzerland,2001-04-01,6.3,1.73,3.65,2.4803149606299213,43.37080697282782
Switzerland,2002-04-01,6.3,1.66,3.81,2.5301204819277108,52.41689650166934
Switzerland,2003-04-01,6.3,1.37,4.52,2.3247232472324724,69.68782826514395
Switzerland,2004-05-01,6.3,1.29,4.9,2.1724137931034484,68.40417000801926
Switzerland,2005-06-01,6.3,1.2475,5.050100200400801,2.0588235294117645,65.03595426146408
Switzerland,2006-01-01,6.3,1.2776,4.931120851596743,2.0,56.543519098309325
Switzerland,2006-05-01,6.3,1.20885,5.211564710261819,2.032258064516129,68.11499065360707
Switzerland,2007-01-01,6.3,1.2485,5.046055266319583,1.9565217391304346,56.70979087949015
Switzerland,2007-06-01,6.3,1.2112,5.201453104359313,1.847507331378299,52.535281652765775
Switzerland,2008-06-01,6.5,1.02215,6.359144939588123,1.8207282913165266,78.12730923216034
Switzerland,2009-07-01,6.5,1.08605,5.984991482896736,1.8207282913165266,67.64682024920829
Switzerland,2010-01-01,6.5,1.03115,6.30364156524269,1.8156424581005586,76.07937333080139
Switzerland,2010-07-01,6.5,1.05085,6.185468906123614,1.7410714285714286,65.68220284259681
Switzerland,2011-07-01,6.5,0.80615,8.063015567822365,1.5990159901599015,98.35216649009506
Switzerland,2012-01-01,6.5,0.9551,6.805570097372003,1.5486441025250048,62.14470762485655
Switzerland,2012-07-01,6.5,0.9906,6.561679790026247,1.5020219526285385,51.62749370366833
Switzerland,2013-01-01,6.5,0.9123,7.124849282034418,1.48830109475994,63.13724594540611
Switzerland,2013-07-01,6.5,0.9674,6.719040727723796,1.4264813460131676,47.455173249242044
Switzerland,2014-01-01,6.5,0.91005,7.1424646997417724,1.4056586772391422,54.459499724096716
Switzerland,2014-07-01,6.16,0.9024,6.826241134751774,1.2846715328467153,42.361650359786715
Switzerland,2015-01-01,6.5,0.86165,7.543666221783787,1.3569937369519833,57.48781256333584
Switzerland,2015-07-01,6.5,0.9528,6.821998320738875,1.3569937369519833,42.421676842147704
Switzerland,2016-01-01,6.5,1.0088,6.443298969072165,1.3184584178498986,30.695719453796457
Taiwan,2000-04-01,70.0,30.6,2.29,27.888446215139446,-8.86128687862927
Taiwan,2001-04-01,70.0,32.9,2.13,27.559055118110237,-16.233875020941525
Taiwan,2002-04-01,70.0,34.8,2.01,28.112449799196785,-19.217098278170152
Taiwan,2003-04-01,70.0,34.8,2.01,25.830258302583026,-25.775119820163717
Taiwan,2004-05-01,75.0,33.4,2.24,25.862068965517242,-22.568655791864543
Taiwan,2005-06-01,75.0,31.175,2.405773857257418,24.509803921568626,-21.379939305313155
Taiwan,2006-01-01,75.0,31.9495,2.3474545767539396,23.80952380952381,-25.477632484001912
Taiwan,2006-05-01,75.0,32.141,2.333468155937899,24.193548387096772,-24.726833679422622
Taiwan,2007-01-01,75.0,32.9255,2.2778697362226845,23.291925465838506,-29.258703844016022
Taiwan,2007-06-01,75.0,32.7705,2.28864374971392,21.994134897360702,-32.88434751572083
Taiwan,2008-06-01,75.0,30.3625,2.470152326060107,21.008403361344538,-30.808058093554425
Taiwan,2009-07-01,75.0,33.1755,2.2607044355021024,21.008403361344538,-36.67494578425483
Taiwan,2010-01-01,75.0,31.8425,2.3553427023631937,20.949720670391063,-34.20830440326274
Taiwan,2010-07-01,75.0,32.1055,2.3360483406269954,20.089285714285715,-37.427276590348335
Taiwan,2011-07-01,75.0,28.834,2.60109592841784,18.450184501845015,-36.012400284924
Taiwan,2012-01-01,75.0,29.9795,2.5017095014926864,17.868970413750056,-40.39603591203971
Taiwan,2012-07-01,75.0,30.1955,2.4838138133165537,17.331022530329292,-42.60395578702359
Taiwan,2013-01-01,75.0,29.502,2.5422005287777103,17.17270493953777,-41.79138722955131
Taiwan,2013-07-01,79.0,30.0285,2.6308340409943884,17.33723482077542,-42.264066401000974
Taiwan,2014-01-01,79.0,30.161,2.619276549186035,17.08415930798342,-43.35678754688698
Taiwan,2014-07-01,79.0,29.982,2.634914281902475,16.475495307612096,-45.0487115348806
Taiwan,2015-01-01,79.0,31.493,2.5084939510367383,16.49269311064718,-47.63060645017247
Taiwan,2015-07-01,79.0,31.02,2.5467440361057383,16.49269311064718,-46.83206605207227
Taiwan,2016-01-01,69.0,33.2315,2.076343228563261,13.995943204868155,-57.88350449161742
Thailand,2000-04-01,55.0,38.0,1.45,21.912350597609564,-42.335919479974834
Thailand,2001-04-01,55.0,45.5,1.21,21.653543307086615,-52.40979492947997
Thailand,2002-04-01,55.0,43.3,1.27,22.088353413654616,-48.98763645807248
Thailand,2003-04-01,59.0,42.7,1.37,21.771217712177123,-49.01354165766482
Thailand,2004-05-01,59.0,40.8,1.45,20.344827586206897,-50.13522650439486
Thailand,2005-06-01,60.0,40.53,1.4803849000740192,19.607843137254903,-51.621408494313094
Thailand,2006-01-01,60.0,39.755,1.5092441202364482,19.047619047619047,-52.087488246461966
Thailand,2006-05-01,60.0,38.445,1.5606710885680843,19.35483870967742,-49.65577133651341
Thailand,2007-01-01,62.0,35.3,1.756373937677054,19.254658385093165,-45.454225537979696
Thailand,2007-06-01,62.0,34.455,1.7994485560876508,18.18181818181818,-47.23024762206304
Thailand,2008-06-01,62.0,33.36,1.8585131894484412,17.366946778711487,-47.94080701825094
Thailand,2009-07-01,64.49,34.165,1.8876042733791891,18.064425770308123,-47.125930717669775
Thailand,2010-01-01,70.0,33.135,2.1125697902519995,19.553072625698324,-40.98967066335197
Thailand,2010-07-01,70.0,32.305,2.1668472372697725,18.75,-41.959449001702524
Thailand,2011-07-01,70.0,29.75,2.3529411764705883,17.220172201722015,-42.117068229505826
Thailand,2012-01-01,78.0,31.75,2.456692913385827,18.583729230300058,-41.46856935338564
Thailand,2012-07-01,82.0,31.7,2.586750788643533,18.948584633160024,-40.22528506889582
Thailand,2013-01-01,87.0,29.755,2.923878339774828,19.92033772986381,-33.05213332258844
Thailand,2013-07-01,89.0,31.275,2.84572342126299,19.531821506949523,-37.548132671624224
Thailand,2014-01-01,96.0,32.875,2.920152091254753,20.760497386916562,-36.85019806261122
Thailand,2014-07-01,99.0,31.78,3.1151667715544367,20.646506777893638,-35.0330183200326
Thailand,2015-01-01,99.0,32.605,3.0363441190001534,20.66805845511482,-36.61076995824314
Thailand,2015-07-01,108.0,34.0875,3.1683168316831685,22.546972860125262,-33.85559850348291
Thailand,2016-01-01,112.0,36.22,3.0922142462727775,22.718052738336716,-37.277601495481186
Turkey,2002-04-01,4000000.0,1324500.0,3.06,1606425.7028112449,21.285443775858436
Turkey,2003-04-01,3750000.0,1600500.0,2.28,1383763.8376383765,-13.541778341869637
Turkey,2004-05-01,3950000.0,1531000.0,2.58,1362068.9655172415,-11.034032298024721
Turkey,2005-06-01,4.0,1.369,2.9218407596785974,1.3071895424836601,-4.515007853640607
Turkey,2006-01-01,4.1,1.3365,3.0677141788252897,1.3015873015873014,-2.612248291260655
Turkey,2006-05-01,4.2,1.5415,2.7246188777165097,1.3548387096774195,-12.109068460757744
Turkey,2007-01-01,4.55,1.40975,3.227522610391913,1.4130434782608694,0.23362144074263735
Turkey,2007-06-01,4.75,1.2981,3.6591942069178027,1.3929618768328444,7.307748003454617
Turkey,2008-06-01,5.15,1.19275,4.317753091595054,1.4425770308123251,20.945464750561737
Turkey,2009-07-01,5.65,1.55005,3.6450437082674756,1.5826330532212887,2.102064657352254
Turkey,2010-01-01,5.65,1.47455,3.831677460920281,1.5782122905027933,7.030096673750852
Turkey,2010-07-01,5.95,1.5293,3.8906689334989863,1.59375,4.214346433008553
Turkey,2011-07-01,6.5,1.72285,3.772818295266564,1.5990159901599015,-7.18774181386067
Turkey,2012-01-01,6.6,1.86295,3.5427681902359156,1.5724693964100047,-15.59250670119946
Turkey,2012-07-01,8.25,1.8269,4.5158465159559915,1.906412478336222,4.3523169487230895
Turkey,2013-01-01,8.45,1.76875,4.7773851590106,1.9347914231879217,9.38750095762102
Turkey,2013-07-01,8.5,1.95745,4.342384224373547,1.8653986832479883,-4.702613949373502
Turkey,2014-01-01,8.5,2.26155,3.7584842254206183,1.8381690394665706,-18.72083131186264
Turkey,2014-07-01,9.25,2.09125,4.423191870890616,1.9290928050052139,-7.754079856295815
Turkey,2015-01-01,9.25,2.33345,3.9640875099102186,1.9311064718162838,-17.242431943419234
Turkey,2015-07-01,10.25,2.6457,3.874210983860604,2.1398747390396657,-19.118768604162774
Turkey,2016-01-01,10.25,3.0096,3.4057682083997873,2.079107505070994,-30.917480559842037
UAE,2005-06-01,9.0,3.6725,2.450646698434309,2.941176470588235,-19.91350658711408
UAE,2006-05-01,9.0,3.6726,2.4505799705930404,2.903225806451613,-20.949033206676116
UAE,2007-01-01,10.0,3.6726,2.722866633992267,3.105590062111801,-15.438924410178057
UAE,2007-06-01,10.0,3.67285,2.7226812965408334,2.932551319648094,-20.15597370847996
UAE,2008-06-01,10.0,3.67285,2.7226812965408334,2.801120448179272,-23.734417463842195
UAE,2009-07-01,10.0,3.673,2.722570106180234,2.801120448179272,-23.73753203976935
UAE,2010-01-01,11.0,3.673,2.9948271167982576,3.072625698324022,-16.345611262618508
UAE,2010-07-01,11.0,3.67285,2.9949494261949168,2.946428571428571,-19.778140369779017
UAE,2011-07-01,12.0,3.67305,3.267039653693797,2.9520295202952025,-19.63002081934081
UAE,2012-01-01,12.0,3.673,3.2670841274162807,2.8590352662000087,-22.160760517288082
UAE,2012-07-01,12.0,3.67295,3.26712860234961,2.7729636048526864,-24.50309411092756
UAE,2013-01-01,12.0,3.67305,3.267039653693797,2.747632790326043,-25.19478933512903
UAE,2013-07-01,12.0,3.673,3.2670841274162807,2.633504023408925,-28.301006713614896
UAE,2014-01-01,12.0,3.673,3.2670841274162807,2.5950621733645702,-29.347613031185126
UAE,2014-07-01,13.0,3.67305,3.53929295816828,2.7111574556830034,-26.18784237396704
UAE,2015-01-01,13.0,3.67305,3.53929295816828,2.7139874739039667,-26.110794192729024
UAE,2015-07-01,13.0,3.67295,3.539389319212077,2.7139874739039667,-26.108782479914872
UAE,2016-01-01,13.0,3.6731,3.5392447796139503,2.636916835699797,-28.21004503825658
Ukraine,2004-05-01,7.25,5.3315,1.3598424458407576,2.5,-53.10888117790491
Ukraine,2005-06-01,7.25,5.06,1.432806324110672,2.369281045751634,-53.17626391795189
Ukraine,2006-05-01,8.5,5.05,1.6831683168316833,2.7419354838709675,-45.70424784413925
Ukraine,2007-01-01,9.0,5.05,1.7821782178217822,2.795031055900621,-44.65285037820552
Ukraine,2007-06-01,9.25,5.0275,1.8398806563898558,2.7126099706744866,-46.04455553108927
Ukraine,2008-06-01,11.0,4.6,2.3913043478260874,3.081232492997199,-33.0166849348435
Ukraine,2009-07-01,14.0,7.66,1.8276762402088773,3.9215686274509807,-48.80458710899504
Ukraine,2010-01-01,14.0,7.66,1.8276762402088773,3.9215686274509807,-48.80458710899504
Ukraine,2010-07-01,14.5,7.899,1.8356754019496138,3.883928571428571,-50.83012316206392
Ukraine,2011-07-01,16.5,7.994,2.06404803602702,4.059040590405903,-49.22391055284084
Ukraine,2012-01-01,17.0,8.0405,2.1142963746035695,4.050299960450013,-49.626267515079746
Ukraine,2012-07-01,15.0,8.0855,1.8551728402696186,3.466204506065858,-57.13061027684301
Ukraine,2013-01-01,19.0,8.144,2.3330058939096268,4.3504185846829015,-46.58130421558323
Ukraine,2013-07-01,19.0,8.155,2.3298589822194975,4.169714703730797,-48.86922496957943
Ukraine,2014-01-01,19.0,8.379,2.2675736961451247,4.1088484411605695,-50.96254396514417
Ukraine,2014-07-01,19.0,11.685,1.6260162601626016,3.962460896767466,-66.08933763998746
Ukraine,2015-01-01,19.0,15.822,1.2008595626343068,3.9665970772442587,-74.92986299302073
Ukraine,2015-07-01,34.0,21.95,1.5489749430523918,7.09812108559499,-67.66231851665152
Ukraine,2016-01-01,36.0,23.35,1.5417558886509635,7.302231237322515,-68.72706108213056
United States,2000-04-01,2.51,1.0,2.51,1.0,0.0
United States,2001-04-01,2.54,1.0,2.54,1.0,0.0
United States,2002-04-01,2.49,1.0,2.49,1.0,0.0
United States,2003-04-01,2.71,1.0,2.71,1.0,0.0
United States,2004-05-01,2.9,1.0,2.9,1.0,0.0
United States,2005-06-01,3.06,1.0,3.06,1.0,0.0
United States,2006-01-01,3.15,1.0,3.15,1.0,0.0
United States,2006-05-01,3.1,1.0,3.1,1.0,0.0
United States,2007-01-01,3.22,1.0,3.22,1.0,0.0
United States,2007-06-01,3.41,1.0,3.41,1.0,0.0
United States,2008-06-01,3.57,1.0,3.57,1.0,0.0
United States,2009-07-01,3.57,1.0,3.57,1.0,0.0
United States,2010-01-01,3.58,1.0,3.58,1.0,0.0
United States,2010-07-01,3.7333333333333334,1.0,3.73,1.0,0.0
United States,2011-07-01,4.065,1.0,4.065,1.0,0.0
United States,2012-01-01,4.19722,1.0,4.19722,1.0,0.0
United States,2012-07-01,4.3275,1.0,4.3275,1.0,0.0
United States,2013-01-01,4.367395833333333,1.0,4.367395833333333,1.0,0.0
United States,2013-07-01,4.556666666666667,1.0,4.556666666666667,1.0,0.0
United States,2014-01-01,4.6241666666666665,1.0,4.6241666666666665,1.0,0.0
United States,2014-07-01,4.795,1.0,4.795,1.0,0.0
United States,2015-01-01,4.79,1.0,4.79,1.0,0.0
United States,2015-07-01,4.79,1.0,4.79,1.0,0.0
United States,2016-01-01,4.93,1.0,4.93,1.0,0.0
Uruguay,2004-05-01,29.8,29.735,1.0021859761224148,10.275862068965518,-65.44186289233053
Uruguay,2005-06-01,44.0,24.125,1.8238341968911918,14.379084967320262,-40.39757526499373
Uruguay,2006-05-01,42.28,23.925,1.767189132706374,13.638709677419355,-42.993898944955674
Uruguay,2007-01-01,55.0,23.925,2.2988505747126435,17.080745341614907,-28.607125008924108
Uruguay,2007-06-01,62.0,23.945,2.589267070369597,18.18181818181818,-24.06841435866285
Uruguay,2008-06-01,61.0,19.15,3.1853785900783294,17.086834733893557,-10.773708961391337
Uruguay,2009-07-01,61.0,23.17,2.632714717306862,17.086834733893557,-26.254489711292383
Uruguay,2010-01-01,77.0,23.17,3.323262839879154,21.568627450980394,-6.911405045401842
Uruguay,2010-07-01,79.0,21.1,3.744075829383886,21.160714285714285,0.2877454299255122
Uruguay,2011-07-01,90.0,18.45,4.878048780487805,22.14022140221402,20.00120001200012
Uruguay,2012-01-01,90.0,19.45,4.627249357326479,21.442764496500065,10.245575817481045
Uruguay,2012-07-01,99.0,21.87,4.526748971193415,22.876949740034664,4.60425121186403
Uruguay,2013-01-01,105.0,19.28,5.446058091286306,24.041786915352876,24.698064913655983
Uruguay,2013-07-01,105.0,21.085,4.979843490633152,23.04316020482809,9.28698223774289
Uruguay,2014-01-01,105.0,21.38,4.911131898971001,22.70679401693999,6.2057718285313035
Uruguay,2014-07-01,113.0,22.97,4.919460165433174,23.56621480709072,2.5956238880745275
Uruguay,2015-01-01,113.0,24.425,4.626407369498464,23.59081419624217,-3.415295000032059
Uruguay,2015-07-01,113.0,27.345,4.132382519656244,23.59081419624217,-13.72896618671724
Uruguay,2016-01-01,113.0,30.185,3.7435812489647176,22.920892494929006,-24.065289067652785
Venezuela,2002-04-01,2500.0,857.0,2.92,1004.016064257028,17.154733285534185
Venezuela,2003-04-01,3700.0,1598.0,2.32,1365.3136531365315,-14.561098051531197
Venezuela,2004-05-01,4400.0,2977.0,1.48,1517.2413793103449,-49.03455225695852
Venezuela,2005-06-01,5600.0,2629.62,2.1295852632699783,1830.065359477124,-30.405710350654314
Venezuela,2006-01-01,5900.0,2615.92,2.255420655065904,1873.015873015873,-28.399344283622096
Venezuela,2006-05-01,5701.25,2519.58,2.262777923304678,1839.1129032258063,-27.007163764365238
Venezuela,2007-01-01,6800.0,4125.278,1.6483737580836975,2111.801242236025,-48.80826838249387
Venezuela,2007-06-01,7400.0,2147.3,3.446188236389885,2170.0879765395894,1.0612386038089339
Venezuela,2011-07-01,28.0,4.29465,6.519739676108647,6.888068880688806,60.387199904271746
Venezuela,2012-01-01,30.0,4.29465,6.985435367259265,7.1475881655000215,66.43005053962538
Venezuela,2012-07-01,34.0,4.29465,7.9168267495605,7.8567302137492785,82.94227035379551
Venezuela,2013-01-01,39.0,4.29465,9.081065977437044,8.92980656855964,107.9286220893353
Venezuela,2013-07-01,45.0,6.2921,7.1518253047472236,9.875640087783468,56.95300595641311
Venezuela,2014-01-01,45.0,6.2921,7.1518253047472236,9.731483150117139,54.661927657175504
Venezuela,2014-07-01,75.0,11.0,6.818181818181818,15.641293013555787,42.19357285050715
Venezuela,2015-01-01,132.0,52.1021,2.5334871339159073,27.55741127348643,-47.10882810196435
Venezuela,2015-07-01,132.0,197.0,0.6700507614213198,27.55741127348643,-86.01146635863633
Venezuela,2016-01-01,132.0,198.6986,0.6643227481220301,26.77484787018256,-86.52489354722049
Vietnam,2014-01-01,60000.0,21090.0,2.844950213371266,12975.31086682285,-38.47647763478971
Vietnam,2014-07-01,60000.0,21230.0,2.826189354686764,12513.03441084463,-41.05965892206957
Vietnam,2015-01-01,60000.0,21380.0,2.8063610851262863,12526.096033402922,-41.41208590550551
Vietnam,2015-07-01,60000.0,21810.0,2.751031636863824,12526.096033402922,-42.56718920952351
Vietnam,2016-01-01,60000.0,22467.5,2.670524090352732,12170.385395537525,-45.83115435389996